city,lat,lon,date,temp,clouds,wind,rain
Paris,48.8588897,2.3200410217200766,2025-11-06,14.32,99,0.93,0.0
Paris,48.8588897,2.3200410217200766,2025-11-06,12.39,79,1.55,0.0
Paris,48.8588897,2.3200410217200766,2025-11-07,10.92,49,1.47,0.0
Paris,48.8588897,2.3200410217200766,2025-11-07,9.41,15,1.82,0.0
Paris,48.8588897,2.3200410217200766,2025-11-07,9.16,14,2.9,0.0
Paris,48.8588897,2.3200410217200766,2025-11-07,12.31,42,3.12,0.0
Paris,48.8588897,2.3200410217200766,2025-11-07,15.48,63,4.06,0.0
Paris,48.8588897,2.3200410217200766,2025-11-07,14.45,82,3.11,0.0
Paris,48.8588897,2.3200410217200766,2025-11-07,14.25,91,2.44,0.0
Paris,48.8588897,2.3200410217200766,2025-11-07,13.49,100,1.92,0.0
Paris,48.8588897,2.3200410217200766,2025-11-08,12.8,99,2.29,0.0
Paris,48.8588897,2.3200410217200766,2025-11-08,12.2,100,2.13,0.0
Paris,48.8588897,2.3200410217200766,2025-11-08,11.99,100,1.44,0.0
Paris,48.8588897,2.3200410217200766,2025-11-08,12.39,100,0.68,0.0
Paris,48.8588897,2.3200410217200766,2025-11-08,14.08,100,2.3,0.18
Paris,48.8588897,2.3200410217200766,2025-11-08,13.91,100,2.24,0.68
Paris,48.8588897,2.3200410217200766,2025-11-08,13.58,99,2.09,0.48
Paris,48.8588897,2.3200410217200766,2025-11-08,11.8,59,1.98,0.0
Paris,48.8588897,2.3200410217200766,2025-11-09,10.79,43,2.08,0.0
Paris,48.8588897,2.3200410217200766,2025-11-09,10.14,57,1.56,0.0
Paris,48.8588897,2.3200410217200766,2025-11-09,9.57,52,1.57,0.0
Paris,48.8588897,2.3200410217200766,2025-11-09,10.77,23,1.43,0.0
Paris,48.8588897,2.3200410217200766,2025-11-09,13.54,15,1.32,0.0
Paris,48.8588897,2.3200410217200766,2025-11-09,14.29,7,0.91,0.0
Paris,48.8588897,2.3200410217200766,2025-11-09,12.68,7,1.18,0.0
Paris,48.8588897,2.3200410217200766,2025-11-09,11.36,23,1.55,0.0
Paris,48.8588897,2.3200410217200766,2025-11-10,10.29,16,1.57,0.0
Paris,48.8588897,2.3200410217200766,2025-11-10,9.52,88,1.81,0.0
Paris,48.8588897,2.3200410217200766,2025-11-10,9.06,84,1.99,0.0
Paris,48.8588897,2.3200410217200766,2025-11-10,9.97,100,3.13,0.0
Paris,48.8588897,2.3200410217200766,2025-11-10,11.63,98,2.97,0.0
Paris,48.8588897,2.3200410217200766,2025-11-10,11.18,100,2.37,0.78
Paris,48.8588897,2.3200410217200766,2025-11-10,11.26,100,3.35,0.4
Paris,48.8588897,2.3200410217200766,2025-11-10,10.89,100,2.32,0.0
Paris,48.8588897,2.3200410217200766,2025-11-11,11.09,100,1.74,0.0
Paris,48.8588897,2.3200410217200766,2025-11-11,11.31,97,1.98,0.0
Paris,48.8588897,2.3200410217200766,2025-11-11,10.21,89,1.41,0.0
Paris,48.8588897,2.3200410217200766,2025-11-11,11.23,50,1.93,0.0
Paris,48.8588897,2.3200410217200766,2025-11-11,13.86,59,2.36,0.0
Paris,48.8588897,2.3200410217200766,2025-11-11,14.4,100,1.92,0.0
Marseille,43.2961743,5.3699525,2025-11-06,14.72,52,10.34,6.36
Marseille,43.2961743,5.3699525,2025-11-06,12.23,79,10.6,0.0
Marseille,43.2961743,5.3699525,2025-11-07,10.94,99,9.67,0.98
Marseille,43.2961743,5.3699525,2025-11-07,11.22,94,6.33,1.62
Marseille,43.2961743,5.3699525,2025-11-07,8.58,100,4.6,0.84
Marseille,43.2961743,5.3699525,2025-11-07,15.38,90,3.06,0.22
Marseille,43.2961743,5.3699525,2025-11-07,15.83,89,2.61,0.48
Marseille,43.2961743,5.3699525,2025-11-07,16.34,80,2.27,0.44
Marseille,43.2961743,5.3699525,2025-11-07,15.7,81,0.53,0.71
Marseille,43.2961743,5.3699525,2025-11-07,15.48,56,1.4,0.14
Marseille,43.2961743,5.3699525,2025-11-08,15.36,78,1.27,0.0
Marseille,43.2961743,5.3699525,2025-11-08,14.75,85,1.96,0.15
Marseille,43.2961743,5.3699525,2025-11-08,14.18,58,2.41,0.51
Marseille,43.2961743,5.3699525,2025-11-08,15.04,28,2.49,0.0
Marseille,43.2961743,5.3699525,2025-11-08,16.79,56,1.67,0.0
Marseille,43.2961743,5.3699525,2025-11-08,17.32,90,4.35,0.0
Marseille,43.2961743,5.3699525,2025-11-08,16.36,84,3.97,0.0
Marseille,43.2961743,5.3699525,2025-11-08,15.41,44,3.07,0.0
Marseille,43.2961743,5.3699525,2025-11-09,14.54,62,3.2,0.0
Marseille,43.2961743,5.3699525,2025-11-09,13.78,25,4.13,0.0
Marseille,43.2961743,5.3699525,2025-11-09,13.12,15,4.99,0.0
Marseille,43.2961743,5.3699525,2025-11-09,14.04,0,5.25,0.0
Marseille,43.2961743,5.3699525,2025-11-09,16.66,0,5.55,0.0
Marseille,43.2961743,5.3699525,2025-11-09,17.29,0,7.09,0.0
Marseille,43.2961743,5.3699525,2025-11-09,15.56,0,6.67,0.0
Marseille,43.2961743,5.3699525,2025-11-09,14.65,0,5.44,0.0
Marseille,43.2961743,5.3699525,2025-11-10,13.77,0,4.45,0.0
Marseille,43.2961743,5.3699525,2025-11-10,13.18,0,4.34,0.0
Marseille,43.2961743,5.3699525,2025-11-10,12.53,2,4.52,0.0
Marseille,43.2961743,5.3699525,2025-11-10,13.49,11,3.4,0.0
Marseille,43.2961743,5.3699525,2025-11-10,15.74,38,3.14,0.0
Marseille,43.2961743,5.3699525,2025-11-10,16.7,38,4.12,0.0
Marseille,43.2961743,5.3699525,2025-11-10,15.91,30,4.23,0.0
Marseille,43.2961743,5.3699525,2025-11-10,14.51,4,3.85,0.0
Marseille,43.2961743,5.3699525,2025-11-11,13.97,38,3.28,0.0
Marseille,43.2961743,5.3699525,2025-11-11,13.64,100,1.93,0.0
Marseille,43.2961743,5.3699525,2025-11-11,13.58,92,1.44,0.0
Marseille,43.2961743,5.3699525,2025-11-11,14.71,45,1.11,0.0
Marseille,43.2961743,5.3699525,2025-11-11,15.86,22,1.75,0.0
Marseille,43.2961743,5.3699525,2025-11-11,16.0,0,1.46,0.0
Lyon,45.7578137,4.8320114,2025-11-06,15.58,15,1.97,0.0
Lyon,45.7578137,4.8320114,2025-11-06,12.72,67,0.84,0.0
Lyon,45.7578137,4.8320114,2025-11-07,10.41,100,0.97,0.0
Lyon,45.7578137,4.8320114,2025-11-07,10.6,100,1.0,0.0
Lyon,45.7578137,4.8320114,2025-11-07,9.88,100,1.16,0.0
Lyon,45.7578137,4.8320114,2025-11-07,12.65,100,1.58,0.0
Lyon,45.7578137,4.8320114,2025-11-07,15.94,81,0.89,0.0
Lyon,45.7578137,4.8320114,2025-11-07,16.19,25,1.43,0.0
Lyon,45.7578137,4.8320114,2025-11-07,13.25,22,0.63,0.0
Lyon,45.7578137,4.8320114,2025-11-07,11.85,21,0.04,0.0
Lyon,45.7578137,4.8320114,2025-11-08,11.64,61,0.42,0.0
Lyon,45.7578137,4.8320114,2025-11-08,11.01,100,0.61,0.0
Lyon,45.7578137,4.8320114,2025-11-08,10.72,100,0.45,0.0
Lyon,45.7578137,4.8320114,2025-11-08,12.1,100,1.0,0.0
Lyon,45.7578137,4.8320114,2025-11-08,12.38,100,1.07,0.0
Lyon,45.7578137,4.8320114,2025-11-08,13.61,100,1.86,0.32
Lyon,45.7578137,4.8320114,2025-11-08,12.09,100,2.42,0.79
Lyon,45.7578137,4.8320114,2025-11-08,11.09,81,1.67,0.44
Lyon,45.7578137,4.8320114,2025-11-09,10.89,86,1.22,0.35
Lyon,45.7578137,4.8320114,2025-11-09,10.96,99,1.09,0.43
Lyon,45.7578137,4.8320114,2025-11-09,11.1,100,1.63,0.88
Lyon,45.7578137,4.8320114,2025-11-09,11.81,100,2.31,0.82
Lyon,45.7578137,4.8320114,2025-11-09,13.72,95,3.19,0.32
Lyon,45.7578137,4.8320114,2025-11-09,13.33,71,3.05,0.2
Lyon,45.7578137,4.8320114,2025-11-09,12.12,81,2.27,0.21
Lyon,45.7578137,4.8320114,2025-11-09,11.6,97,2.3,0.19
Lyon,45.7578137,4.8320114,2025-11-10,11.01,93,2.29,0.0
Lyon,45.7578137,4.8320114,2025-11-10,11.06,100,1.51,0.0
Lyon,45.7578137,4.8320114,2025-11-10,9.08,76,1.3,0.0
Lyon,45.7578137,4.8320114,2025-11-10,10.82,33,1.22,0.0
Lyon,45.7578137,4.8320114,2025-11-10,13.65,26,1.85,0.0
Lyon,45.7578137,4.8320114,2025-11-10,13.76,64,1.74,0.0
Lyon,45.7578137,4.8320114,2025-11-10,11.31,74,0.37,0.0
Lyon,45.7578137,4.8320114,2025-11-10,10.25,90,0.36,0.0
Lyon,45.7578137,4.8320114,2025-11-11,9.36,77,0.27,0.0
Lyon,45.7578137,4.8320114,2025-11-11,8.63,15,0.19,0.0
Lyon,45.7578137,4.8320114,2025-11-11,7.97,14,0.32,0.0
Lyon,45.7578137,4.8320114,2025-11-11,10.28,12,0.26,0.0
Lyon,45.7578137,4.8320114,2025-11-11,13.32,27,1.08,0.0
Lyon,45.7578137,4.8320114,2025-11-11,13.71,1,0.92,0.0
Toulouse,43.6044622,1.4442469,2025-11-06,13.25,100,2.0,2.09
Toulouse,43.6044622,1.4442469,2025-11-06,13.34,100,6.01,0.76
Toulouse,43.6044622,1.4442469,2025-11-07,13.23,100,2.99,2.8
Toulouse,43.6044622,1.4442469,2025-11-07,12.8,100,6.72,12.97
Toulouse,43.6044622,1.4442469,2025-11-07,11.4,100,6.77,2.39
Toulouse,43.6044622,1.4442469,2025-11-07,12.58,100,3.77,0.5
Toulouse,43.6044622,1.4442469,2025-11-07,15.36,95,1.76,0.0
Toulouse,43.6044622,1.4442469,2025-11-07,16.33,76,0.91,0.0
Toulouse,43.6044622,1.4442469,2025-11-07,13.51,84,1.81,0.0
Toulouse,43.6044622,1.4442469,2025-11-07,11.98,56,1.89,0.0
Toulouse,43.6044622,1.4442469,2025-11-08,11.61,78,0.68,0.67
Toulouse,43.6044622,1.4442469,2025-11-08,10.79,100,1.26,5.75
Toulouse,43.6044622,1.4442469,2025-11-08,10.82,100,1.4,7.61
Toulouse,43.6044622,1.4442469,2025-11-08,11.14,100,2.31,8.44
Toulouse,43.6044622,1.4442469,2025-11-08,11.29,100,3.56,4.36
Toulouse,43.6044622,1.4442469,2025-11-08,12.04,100,2.75,3.89
Toulouse,43.6044622,1.4442469,2025-11-08,11.88,100,2.32,0.79
Toulouse,43.6044622,1.4442469,2025-11-08,10.48,100,3.9,0.25
Toulouse,43.6044622,1.4442469,2025-11-09,9.82,70,3.32,0.0
Toulouse,43.6044622,1.4442469,2025-11-09,9.17,37,3.16,0.0
Toulouse,43.6044622,1.4442469,2025-11-09,8.43,37,2.38,0.0
Toulouse,43.6044622,1.4442469,2025-11-09,11.37,47,2.61,0.0
Toulouse,43.6044622,1.4442469,2025-11-09,14.59,35,3.59,0.0
Toulouse,43.6044622,1.4442469,2025-11-09,14.63,27,2.96,0.0
Toulouse,43.6044622,1.4442469,2025-11-09,11.17,24,1.28,0.0
Toulouse,43.6044622,1.4442469,2025-11-09,10.13,11,0.46,0.0
Toulouse,43.6044622,1.4442469,2025-11-10,9.1,34,0.78,0.0
Toulouse,43.6044622,1.4442469,2025-11-10,8.26,70,0.65,0.0
Toulouse,43.6044622,1.4442469,2025-11-10,7.67,84,1.18,0.0
Toulouse,43.6044622,1.4442469,2025-11-10,10.35,72,1.27,0.0
Toulouse,43.6044622,1.4442469,2025-11-10,14.16,67,1.06,0.0
Toulouse,43.6044622,1.4442469,2025-11-10,14.88,66,1.05,0.0
Toulouse,43.6044622,1.4442469,2025-11-10,12.3,83,0.82,0.0
Toulouse,43.6044622,1.4442469,2025-11-10,11.47,100,0.59,0.0
Toulouse,43.6044622,1.4442469,2025-11-11,11.86,96,1.21,0.0
Toulouse,43.6044622,1.4442469,2025-11-11,10.02,72,1.9,0.0
Toulouse,43.6044622,1.4442469,2025-11-11,8.77,37,1.96,0.0
Toulouse,43.6044622,1.4442469,2025-11-11,11.82,4,3.01,0.0
Toulouse,43.6044622,1.4442469,2025-11-11,16.71,5,5.11,0.0
Toulouse,43.6044622,1.4442469,2025-11-11,16.29,53,5.37,0.0
Nice,43.7009358,7.2683912,2025-11-06,16.9,77,4.12,0.0
Nice,43.7009358,7.2683912,2025-11-06,14.85,90,3.71,0.14
Nice,43.7009358,7.2683912,2025-11-07,10.9,98,5.9,5.32
Nice,43.7009358,7.2683912,2025-11-07,10.64,100,2.63,1.65
Nice,43.7009358,7.2683912,2025-11-07,10.11,100,3.87,8.59
Nice,43.7009358,7.2683912,2025-11-07,13.01,100,4.23,10.04
Nice,43.7009358,7.2683912,2025-11-07,15.86,100,1.28,0.68
Nice,43.7009358,7.2683912,2025-11-07,15.34,100,1.28,0.0
Nice,43.7009358,7.2683912,2025-11-07,14.07,100,2.57,0.0
Nice,43.7009358,7.2683912,2025-11-07,13.92,100,2.5,0.0
Nice,43.7009358,7.2683912,2025-11-08,13.88,100,1.74,0.0
Nice,43.7009358,7.2683912,2025-11-08,13.96,99,2.05,0.0
Nice,43.7009358,7.2683912,2025-11-08,13.76,100,2.25,0.0
Nice,43.7009358,7.2683912,2025-11-08,15.69,36,1.11,0.0
Nice,43.7009358,7.2683912,2025-11-08,17.02,48,2.23,0.0
Nice,43.7009358,7.2683912,2025-11-08,15.93,61,1.49,0.0
Nice,43.7009358,7.2683912,2025-11-08,14.91,69,1.46,0.0
Nice,43.7009358,7.2683912,2025-11-08,13.89,99,2.56,0.0
Nice,43.7009358,7.2683912,2025-11-09,12.85,89,3.0,0.0
Nice,43.7009358,7.2683912,2025-11-09,12.43,90,2.78,0.0
Nice,43.7009358,7.2683912,2025-11-09,11.94,53,3.24,0.0
Nice,43.7009358,7.2683912,2025-11-09,15.31,1,1.86,0.0
Nice,43.7009358,7.2683912,2025-11-09,16.57,0,2.29,0.0
Nice,43.7009358,7.2683912,2025-11-09,16.06,0,1.98,0.0
Nice,43.7009358,7.2683912,2025-11-09,14.37,0,1.47,0.0
Nice,43.7009358,7.2683912,2025-11-09,13.62,0,2.53,0.0
Nice,43.7009358,7.2683912,2025-11-10,12.96,0,3.13,0.0
Nice,43.7009358,7.2683912,2025-11-10,12.46,0,3.08,0.0
Nice,43.7009358,7.2683912,2025-11-10,12.18,0,3.29,0.0
Nice,43.7009358,7.2683912,2025-11-10,15.38,0,1.51,0.0
Nice,43.7009358,7.2683912,2025-11-10,16.67,1,1.59,0.0
Nice,43.7009358,7.2683912,2025-11-10,15.71,9,0.98,0.0
Nice,43.7009358,7.2683912,2025-11-10,14.22,10,1.54,0.0
Nice,43.7009358,7.2683912,2025-11-10,13.45,8,2.28,0.0
Nice,43.7009358,7.2683912,2025-11-11,12.89,8,2.55,0.0
Nice,43.7009358,7.2683912,2025-11-11,12.3,30,2.85,0.0
Nice,43.7009358,7.2683912,2025-11-11,12.54,65,2.55,0.0
Nice,43.7009358,7.2683912,2025-11-11,15.14,29,1.42,0.0
Nice,43.7009358,7.2683912,2025-11-11,16.07,17,1.94,0.0
Nice,43.7009358,7.2683912,2025-11-11,15.25,0,1.31,0.0
Nantes,47.2186371,-1.5541362,2025-11-06,16.47,81,3.61,0.0
Nantes,47.2186371,-1.5541362,2025-11-06,13.49,56,3.79,0.0
Nantes,47.2186371,-1.5541362,2025-11-07,10.79,36,3.36,0.0
Nantes,47.2186371,-1.5541362,2025-11-07,11.01,28,2.82,0.0
Nantes,47.2186371,-1.5541362,2025-11-07,12.85,33,3.52,0.0
Nantes,47.2186371,-1.5541362,2025-11-07,13.77,100,4.18,0.0
Nantes,47.2186371,-1.5541362,2025-11-07,14.18,100,6.55,1.46
Nantes,47.2186371,-1.5541362,2025-11-07,13.71,100,8.15,1.86
Nantes,47.2186371,-1.5541362,2025-11-07,13.33,98,3.66,0.36
Nantes,47.2186371,-1.5541362,2025-11-07,11.38,83,2.61,0.0
Nantes,47.2186371,-1.5541362,2025-11-08,10.95,92,1.8,0.0
Nantes,47.2186371,-1.5541362,2025-11-08,9.98,100,2.39,0.0
Nantes,47.2186371,-1.5541362,2025-11-08,8.7,98,2.25,0.0
Nantes,47.2186371,-1.5541362,2025-11-08,11.05,9,1.93,0.0
Nantes,47.2186371,-1.5541362,2025-11-08,14.72,10,3.25,0.0
Nantes,47.2186371,-1.5541362,2025-11-08,15.23,8,3.11,0.0
Nantes,47.2186371,-1.5541362,2025-11-08,10.85,7,2.57,0.0
Nantes,47.2186371,-1.5541362,2025-11-08,9.23,0,2.58,0.0
Nantes,47.2186371,-1.5541362,2025-11-09,8.79,2,0.01,0.0
Nantes,47.2186371,-1.5541362,2025-11-09,8.31,33,0.94,0.0
Nantes,47.2186371,-1.5541362,2025-11-09,8.08,21,1.57,0.0
Nantes,47.2186371,-1.5541362,2025-11-09,10.86,80,2.44,0.0
Nantes,47.2186371,-1.5541362,2025-11-09,15.05,81,3.92,0.0
Nantes,47.2186371,-1.5541362,2025-11-09,14.86,40,4.1,0.0
Nantes,47.2186371,-1.5541362,2025-11-09,10.66,63,3.16,0.0
Nantes,47.2186371,-1.5541362,2025-11-09,10.03,100,3.32,0.0
Nantes,47.2186371,-1.5541362,2025-11-10,11.21,100,3.69,0.0
Nantes,47.2186371,-1.5541362,2025-11-10,11.81,100,3.65,0.0
Nantes,47.2186371,-1.5541362,2025-11-10,12.25,100,4.37,0.1
Nantes,47.2186371,-1.5541362,2025-11-10,13.72,100,5.12,0.28
Nantes,47.2186371,-1.5541362,2025-11-10,12.85,100,3.53,8.15
Nantes,47.2186371,-1.5541362,2025-11-10,14.98,72,4.02,0.51
Nantes,47.2186371,-1.5541362,2025-11-10,11.22,46,2.46,0.0
Nantes,47.2186371,-1.5541362,2025-11-10,10.45,100,2.62,0.0
Nantes,47.2186371,-1.5541362,2025-11-11,10.01,97,2.85,0.0
Nantes,47.2186371,-1.5541362,2025-11-11,9.7,97,3.06,0.0
Nantes,47.2186371,-1.5541362,2025-11-11,9.5,99,3.08,0.0
Nantes,47.2186371,-1.5541362,2025-11-11,11.27,100,4.75,0.0
Nantes,47.2186371,-1.5541362,2025-11-11,14.91,100,5.31,0.0
Nantes,47.2186371,-1.5541362,2025-11-11,14.78,100,4.24,0.0
Strasbourg,48.584614,7.7507127,2025-11-06,9.07,98,1.2,0.0
Strasbourg,48.584614,7.7507127,2025-11-06,6.37,87,0.65,0.0
Strasbourg,48.584614,7.7507127,2025-11-07,3.93,60,0.61,0.0
Strasbourg,48.584614,7.7507127,2025-11-07,2.16,99,0.6,0.0
Strasbourg,48.584614,7.7507127,2025-11-07,2.12,95,0.47,0.0
Strasbourg,48.584614,7.7507127,2025-11-07,8.37,20,1.51,0.0
Strasbourg,48.584614,7.7507127,2025-11-07,12.08,15,1.46,0.0
Strasbourg,48.584614,7.7507127,2025-11-07,11.52,80,1.22,0.0
Strasbourg,48.584614,7.7507127,2025-11-07,8.76,91,0.95,0.0
Strasbourg,48.584614,7.7507127,2025-11-07,7.55,80,1.45,0.0
Strasbourg,48.584614,7.7507127,2025-11-08,6.77,41,1.75,0.0
Strasbourg,48.584614,7.7507127,2025-11-08,6.29,16,1.69,0.0
Strasbourg,48.584614,7.7507127,2025-11-08,5.91,23,1.82,0.0
Strasbourg,48.584614,7.7507127,2025-11-08,8.95,59,1.57,0.0
Strasbourg,48.584614,7.7507127,2025-11-08,10.86,81,0.57,0.0
Strasbourg,48.584614,7.7507127,2025-11-08,10.09,99,0.88,0.0
Strasbourg,48.584614,7.7507127,2025-11-08,9.83,99,1.03,0.0
Strasbourg,48.584614,7.7507127,2025-11-08,9.88,100,1.26,0.0
Strasbourg,48.584614,7.7507127,2025-11-09,9.8,100,1.25,0.0
Strasbourg,48.584614,7.7507127,2025-11-09,9.52,100,1.28,0.66
Strasbourg,48.584614,7.7507127,2025-11-09,9.32,100,1.38,0.32
Strasbourg,48.584614,7.7507127,2025-11-09,10.3,98,1.25,0.0
Strasbourg,48.584614,7.7507127,2025-11-09,11.8,100,0.49,0.0
Strasbourg,48.584614,7.7507127,2025-11-09,11.72,78,0.44,0.0
Strasbourg,48.584614,7.7507127,2025-11-09,9.95,74,0.9,0.0
Strasbourg,48.584614,7.7507127,2025-11-09,10.1,100,0.9,0.0
Strasbourg,48.584614,7.7507127,2025-11-10,8.22,81,1.59,0.0
Strasbourg,48.584614,7.7507127,2025-11-10,7.2,20,1.55,0.0
Strasbourg,48.584614,7.7507127,2025-11-10,6.89,45,1.78,0.0
Strasbourg,48.584614,7.7507127,2025-11-10,9.21,89,1.33,0.0
Strasbourg,48.584614,7.7507127,2025-11-10,12.07,80,0.53,0.0
Strasbourg,48.584614,7.7507127,2025-11-10,11.66,21,0.99,0.0
Strasbourg,48.584614,7.7507127,2025-11-10,9.23,45,1.03,0.0
Strasbourg,48.584614,7.7507127,2025-11-10,8.64,100,1.31,0.0
Strasbourg,48.584614,7.7507127,2025-11-11,8.03,97,1.76,0.0
Strasbourg,48.584614,7.7507127,2025-11-11,8.04,100,2.11,0.0
Strasbourg,48.584614,7.7507127,2025-11-11,7.65,99,2.16,0.0
Strasbourg,48.584614,7.7507127,2025-11-11,8.82,99,2.03,0.0
Strasbourg,48.584614,7.7507127,2025-11-11,10.96,99,0.67,0.0
Strasbourg,48.584614,7.7507127,2025-11-11,10.84,57,0.89,0.0
Montpellier,43.6112422,3.8767337,2025-11-06,14.22,83,9.84,4.84
Montpellier,43.6112422,3.8767337,2025-11-06,13.52,74,4.25,0.52
Montpellier,43.6112422,3.8767337,2025-11-07,12.94,76,5.18,1.0
Montpellier,43.6112422,3.8767337,2025-11-07,10.62,100,5.75,0.83
Montpellier,43.6112422,3.8767337,2025-11-07,9.17,100,3.15,0.0
Montpellier,43.6112422,3.8767337,2025-11-07,14.36,65,2.19,0.0
Montpellier,43.6112422,3.8767337,2025-11-07,16.09,87,0.56,0.0
Montpellier,43.6112422,3.8767337,2025-11-07,16.72,100,1.51,0.0
Montpellier,43.6112422,3.8767337,2025-11-07,14.55,97,1.69,0.0
Montpellier,43.6112422,3.8767337,2025-11-07,13.82,45,1.02,0.0
Montpellier,43.6112422,3.8767337,2025-11-08,12.9,37,0.86,0.17
Montpellier,43.6112422,3.8767337,2025-11-08,11.51,49,2.74,0.1
Montpellier,43.6112422,3.8767337,2025-11-08,11.38,74,3.31,0.0
Montpellier,43.6112422,3.8767337,2025-11-08,13.7,100,1.68,0.0
Montpellier,43.6112422,3.8767337,2025-11-08,16.48,96,1.53,0.21
Montpellier,43.6112422,3.8767337,2025-11-08,16.12,100,3.4,0.75
Montpellier,43.6112422,3.8767337,2025-11-08,14.49,100,3.43,0.0
Montpellier,43.6112422,3.8767337,2025-11-08,14.32,100,4.64,0.0
Montpellier,43.6112422,3.8767337,2025-11-09,13.72,95,5.8,0.0
Montpellier,43.6112422,3.8767337,2025-11-09,13.01,51,5.08,0.0
Montpellier,43.6112422,3.8767337,2025-11-09,13.03,53,6.32,0.0
Montpellier,43.6112422,3.8767337,2025-11-09,15.35,15,5.78,0.0
Montpellier,43.6112422,3.8767337,2025-11-09,18.03,12,4.6,0.0
Montpellier,43.6112422,3.8767337,2025-11-09,17.55,42,4.4,0.0
Montpellier,43.6112422,3.8767337,2025-11-09,14.27,22,4.24,0.0
Montpellier,43.6112422,3.8767337,2025-11-09,12.55,1,1.43,0.0
Montpellier,43.6112422,3.8767337,2025-11-10,11.71,2,1.44,0.0
Montpellier,43.6112422,3.8767337,2025-11-10,10.82,21,1.74,0.0
Montpellier,43.6112422,3.8767337,2025-11-10,10.51,48,2.02,0.0
Montpellier,43.6112422,3.8767337,2025-11-10,12.98,91,1.17,0.0
Montpellier,43.6112422,3.8767337,2025-11-10,15.77,84,1.5,0.0
Montpellier,43.6112422,3.8767337,2025-11-10,16.04,22,2.14,0.0
Montpellier,43.6112422,3.8767337,2025-11-10,13.35,19,1.36,0.0
Montpellier,43.6112422,3.8767337,2025-11-10,12.63,89,1.49,0.0
Montpellier,43.6112422,3.8767337,2025-11-11,11.57,87,1.96,0.0
Montpellier,43.6112422,3.8767337,2025-11-11,10.84,46,1.89,0.0
Montpellier,43.6112422,3.8767337,2025-11-11,10.53,24,1.6,0.0
Montpellier,43.6112422,3.8767337,2025-11-11,13.15,1,0.87,0.0
Montpellier,43.6112422,3.8767337,2025-11-11,15.83,0,1.64,0.0
Montpellier,43.6112422,3.8767337,2025-11-11,16.19,2,1.44,0.0
Bordeaux,44.841225,-0.5800364,2025-11-06,15.97,83,2.59,0.0
Bordeaux,44.841225,-0.5800364,2025-11-06,15.38,68,3.4,0.89
Bordeaux,44.841225,-0.5800364,2025-11-07,14.4,70,5.14,0.52
Bordeaux,44.841225,-0.5800364,2025-11-07,13.37,100,4.99,1.0
Bordeaux,44.841225,-0.5800364,2025-11-07,11.92,94,2.72,0.3
Bordeaux,44.841225,-0.5800364,2025-11-07,14.25,94,2.22,0.0
Bordeaux,44.841225,-0.5800364,2025-11-07,15.47,96,3.7,0.12
Bordeaux,44.841225,-0.5800364,2025-11-07,12.42,100,2.89,0.0
Bordeaux,44.841225,-0.5800364,2025-11-07,12.24,100,2.75,0.15
Bordeaux,44.841225,-0.5800364,2025-11-07,12.01,100,2.75,0.0
Bordeaux,44.841225,-0.5800364,2025-11-08,12.44,100,2.52,1.19
Bordeaux,44.841225,-0.5800364,2025-11-08,12.58,100,2.13,0.89
Bordeaux,44.841225,-0.5800364,2025-11-08,11.69,100,2.14,0.0
Bordeaux,44.841225,-0.5800364,2025-11-08,13.26,70,2.62,0.0
Bordeaux,44.841225,-0.5800364,2025-11-08,16.16,56,3.65,0.0
Bordeaux,44.841225,-0.5800364,2025-11-08,16.14,43,4.09,0.25
Bordeaux,44.841225,-0.5800364,2025-11-08,12.25,32,2.41,0.0
Bordeaux,44.841225,-0.5800364,2025-11-08,11.11,0,1.72,0.0
Bordeaux,44.841225,-0.5800364,2025-11-09,10.47,0,1.26,0.0
Bordeaux,44.841225,-0.5800364,2025-11-09,9.89,10,0.73,0.0
Bordeaux,44.841225,-0.5800364,2025-11-09,9.87,19,0.28,0.0
Bordeaux,44.841225,-0.5800364,2025-11-09,12.81,60,0.57,0.0
Bordeaux,44.841225,-0.5800364,2025-11-09,16.1,59,1.13,0.0
Bordeaux,44.841225,-0.5800364,2025-11-09,16.39,28,0.55,0.0
Bordeaux,44.841225,-0.5800364,2025-11-09,11.91,23,0.21,0.0
Bordeaux,44.841225,-0.5800364,2025-11-09,10.61,34,1.2,0.0
Bordeaux,44.841225,-0.5800364,2025-11-10,9.95,53,1.76,0.0
Bordeaux,44.841225,-0.5800364,2025-11-10,9.1,69,1.97,0.0
Bordeaux,44.841225,-0.5800364,2025-11-10,8.45,64,1.84,0.0
Bordeaux,44.841225,-0.5800364,2025-11-10,11.39,72,2.01,0.0
Bordeaux,44.841225,-0.5800364,2025-11-10,12.95,86,1.56,0.0
Bordeaux,44.841225,-0.5800364,2025-11-10,14.52,100,1.74,0.0
Bordeaux,44.841225,-0.5800364,2025-11-10,11.84,87,1.49,0.0
Bordeaux,44.841225,-0.5800364,2025-11-10,11.77,54,1.54,0.0
Bordeaux,44.841225,-0.5800364,2025-11-11,12.84,78,2.1,0.0
Bordeaux,44.841225,-0.5800364,2025-11-11,11.99,91,2.15,0.0
Bordeaux,44.841225,-0.5800364,2025-11-11,9.38,70,2.9,0.0
Bordeaux,44.841225,-0.5800364,2025-11-11,11.79,94,4.15,0.0
Bordeaux,44.841225,-0.5800364,2025-11-11,16.6,94,5.18,0.0
Bordeaux,44.841225,-0.5800364,2025-11-11,16.47,100,4.5,0.0
Lille,50.6365654,3.0635282,2025-11-06,14.71,33,1.85,0.0
Lille,50.6365654,3.0635282,2025-11-06,13.81,67,2.05,0.0
Lille,50.6365654,3.0635282,2025-11-07,11.65,93,2.36,0.0
Lille,50.6365654,3.0635282,2025-11-07,10.83,45,2.77,0.0
Lille,50.6365654,3.0635282,2025-11-07,10.96,25,3.25,0.0
Lille,50.6365654,3.0635282,2025-11-07,12.75,6,4.47,0.0
Lille,50.6365654,3.0635282,2025-11-07,15.91,5,4.88,0.0
Lille,50.6365654,3.0635282,2025-11-07,16.1,27,4.07,0.0
Lille,50.6365654,3.0635282,2025-11-07,12.97,37,3.11,0.0
Lille,50.6365654,3.0635282,2025-11-07,14.38,100,3.65,0.0
Lille,50.6365654,3.0635282,2025-11-08,11.64,98,2.56,0.0
Lille,50.6365654,3.0635282,2025-11-08,12.6,99,2.19,0.0
Lille,50.6365654,3.0635282,2025-11-08,12.34,99,2.18,0.0
Lille,50.6365654,3.0635282,2025-11-08,12.97,100,1.94,0.0
Lille,50.6365654,3.0635282,2025-11-08,14.72,100,2.0,0.0
Lille,50.6365654,3.0635282,2025-11-08,14.24,99,3.75,0.2
Lille,50.6365654,3.0635282,2025-11-08,12.84,99,4.04,0.38
Lille,50.6365654,3.0635282,2025-11-08,12.49,100,3.97,0.0
Lille,50.6365654,3.0635282,2025-11-09,12.0,100,3.87,0.95
Lille,50.6365654,3.0635282,2025-11-09,11.42,99,3.03,1.65
Lille,50.6365654,3.0635282,2025-11-09,11.29,100,2.26,0.33
Lille,50.6365654,3.0635282,2025-11-09,11.03,72,2.22,0.0
Lille,50.6365654,3.0635282,2025-11-09,13.6,49,2.05,0.0
Lille,50.6365654,3.0635282,2025-11-09,13.65,3,1.7,0.0
Lille,50.6365654,3.0635282,2025-11-09,10.89,5,1.51,0.0
Lille,50.6365654,3.0635282,2025-11-09,9.73,13,1.7,0.0
Lille,50.6365654,3.0635282,2025-11-10,8.88,10,2.45,0.0
Lille,50.6365654,3.0635282,2025-11-10,8.24,44,2.83,0.0
Lille,50.6365654,3.0635282,2025-11-10,7.7,49,3.53,0.0
Lille,50.6365654,3.0635282,2025-11-10,9.48,92,4.39,0.0
Lille,50.6365654,3.0635282,2025-11-10,12.33,95,4.89,0.0
Lille,50.6365654,3.0635282,2025-11-10,11.15,100,4.46,0.33
Lille,50.6365654,3.0635282,2025-11-10,10.32,100,4.05,2.2
Lille,50.6365654,3.0635282,2025-11-10,10.2,98,3.52,0.13
Lille,50.6365654,3.0635282,2025-11-11,10.15,99,3.18,0.0
Lille,50.6365654,3.0635282,2025-11-11,10.5,100,2.41,0.0
Lille,50.6365654,3.0635282,2025-11-11,9.39,100,2.46,0.0
Lille,50.6365654,3.0635282,2025-11-11,10.44,89,3.14,0.0
Lille,50.6365654,3.0635282,2025-11-11,13.71,78,3.64,0.0
Lille,50.6365654,3.0635282,2025-11-11,13.51,68,2.56,0.0
Rennes,48.1113387,-1.6800198,2025-11-06,15.89,34,3.04,0.0
Rennes,48.1113387,-1.6800198,2025-11-06,12.5,58,3.28,0.0
Rennes,48.1113387,-1.6800198,2025-11-07,8.58,56,3.46,0.0
Rennes,48.1113387,-1.6800198,2025-11-07,9.42,21,2.7,0.0
Rennes,48.1113387,-1.6800198,2025-11-07,11.33,45,2.73,0.0
Rennes,48.1113387,-1.6800198,2025-11-07,13.62,100,4.52,0.0
Rennes,48.1113387,-1.6800198,2025-11-07,15.24,100,7.01,0.18
Rennes,48.1113387,-1.6800198,2025-11-07,13.55,100,7.01,1.71
Rennes,48.1113387,-1.6800198,2025-11-07,12.86,100,3.42,0.57
Rennes,48.1113387,-1.6800198,2025-11-07,10.24,95,2.38,0.0
Rennes,48.1113387,-1.6800198,2025-11-08,9.69,98,2.43,0.0
Rennes,48.1113387,-1.6800198,2025-11-08,9.06,100,2.1,0.0
Rennes,48.1113387,-1.6800198,2025-11-08,8.13,100,2.2,0.0
Rennes,48.1113387,-1.6800198,2025-11-08,10.89,23,2.55,0.0
Rennes,48.1113387,-1.6800198,2025-11-08,15.01,20,4.16,0.0
Rennes,48.1113387,-1.6800198,2025-11-08,15.01,44,3.81,0.0
Rennes,48.1113387,-1.6800198,2025-11-08,9.87,26,2.78,0.0
Rennes,48.1113387,-1.6800198,2025-11-08,8.89,0,1.9,0.0
Rennes,48.1113387,-1.6800198,2025-11-09,8.19,8,0.42,0.0
Rennes,48.1113387,-1.6800198,2025-11-09,7.64,63,1.31,0.0
Rennes,48.1113387,-1.6800198,2025-11-09,6.91,39,2.45,0.0
Rennes,48.1113387,-1.6800198,2025-11-09,9.48,81,3.03,0.0
Rennes,48.1113387,-1.6800198,2025-11-09,14.18,69,4.71,0.0
Rennes,48.1113387,-1.6800198,2025-11-09,14.77,62,4.38,0.0
Rennes,48.1113387,-1.6800198,2025-11-09,12.22,81,4.41,0.0
Rennes,48.1113387,-1.6800198,2025-11-09,11.29,100,5.14,0.0
Rennes,48.1113387,-1.6800198,2025-11-10,11.23,100,5.15,0.0
Rennes,48.1113387,-1.6800198,2025-11-10,11.84,100,5.7,0.84
Rennes,48.1113387,-1.6800198,2025-11-10,11.97,100,4.94,0.77
Rennes,48.1113387,-1.6800198,2025-11-10,11.94,100,3.6,12.78
Rennes,48.1113387,-1.6800198,2025-11-10,13.03,100,4.51,4.55
Rennes,48.1113387,-1.6800198,2025-11-10,15.43,36,3.03,0.44
Rennes,48.1113387,-1.6800198,2025-11-10,10.95,31,3.45,0.0
Rennes,48.1113387,-1.6800198,2025-11-10,9.88,77,2.98,0.0
Rennes,48.1113387,-1.6800198,2025-11-11,9.41,87,3.2,0.0
Rennes,48.1113387,-1.6800198,2025-11-11,9.16,94,3.12,0.0
Rennes,48.1113387,-1.6800198,2025-11-11,8.92,90,3.39,0.0
Rennes,48.1113387,-1.6800198,2025-11-11,10.69,100,3.99,0.0
Rennes,48.1113387,-1.6800198,2025-11-11,14.09,100,5.56,0.0
Rennes,48.1113387,-1.6800198,2025-11-11,14.21,100,4.76,0.0
Reims,49.2577886,4.031926,2025-11-06,15.0,100,1.41,0.0
Reims,49.2577886,4.031926,2025-11-06,14.27,100,2.33,0.0
Reims,49.2577886,4.031926,2025-11-06,12.42,100,1.72,0.0
Reims,49.2577886,4.031926,2025-11-07,10.18,88,1.52,0.0
Reims,49.2577886,4.031926,2025-11-07,9.24,9,2.21,0.0
Reims,49.2577886,4.031926,2025-11-07,9.09,8,2.95,0.0
Reims,49.2577886,4.031926,2025-11-07,11.9,8,3.02,0.0
Reims,49.2577886,4.031926,2025-11-07,15.64,28,3.66,0.0
Reims,49.2577886,4.031926,2025-11-07,14.6,100,2.55,0.0
Reims,49.2577886,4.031926,2025-11-07,11.04,100,2.07,0.0
Reims,49.2577886,4.031926,2025-11-07,12.01,51,1.7,0.0
Reims,49.2577886,4.031926,2025-11-08,12.1,76,1.8,0.0
Reims,49.2577886,4.031926,2025-11-08,11.4,100,1.9,0.0
Reims,49.2577886,4.031926,2025-11-08,11.37,100,1.17,0.0
Reims,49.2577886,4.031926,2025-11-08,12.48,56,1.07,0.0
Reims,49.2577886,4.031926,2025-11-08,14.85,38,1.78,0.0
Reims,49.2577886,4.031926,2025-11-08,12.68,88,1.22,0.0
Reims,49.2577886,4.031926,2025-11-08,12.16,94,1.42,0.0
Reims,49.2577886,4.031926,2025-11-08,11.54,100,1.73,0.24
Reims,49.2577886,4.031926,2025-11-09,11.33,98,2.33,0.0
Reims,49.2577886,4.031926,2025-11-09,10.57,100,2.76,0.0
Reims,49.2577886,4.031926,2025-11-09,9.71,100,2.65,0.0
Reims,49.2577886,4.031926,2025-11-09,10.23,99,3.31,0.0
Reims,49.2577886,4.031926,2025-11-09,10.68,99,2.65,0.0
Reims,49.2577886,4.031926,2025-11-09,11.34,90,2.36,0.0
Reims,49.2577886,4.031926,2025-11-09,10.29,74,0.86,0.0
Reims,49.2577886,4.031926,2025-11-09,8.35,55,1.05,0.0
Reims,49.2577886,4.031926,2025-11-10,7.47,32,1.45,0.0
Reims,49.2577886,4.031926,2025-11-10,6.67,5,1.49,0.0
Reims,49.2577886,4.031926,2025-11-10,6.18,52,1.7,0.0
Reims,49.2577886,4.031926,2025-11-10,9.04,100,2.29,0.0
Reims,49.2577886,4.031926,2025-11-10,12.67,100,3.64,0.0
Reims,49.2577886,4.031926,2025-11-10,12.03,94,2.99,0.0
Reims,49.2577886,4.031926,2025-11-10,10.17,97,1.7,0.25
Reims,49.2577886,4.031926,2025-11-10,10.11,100,1.54,0.0
Reims,49.2577886,4.031926,2025-11-11,9.69,100,2.14,0.13
Reims,49.2577886,4.031926,2025-11-11,9.75,99,1.14,0.0
Reims,49.2577886,4.031926,2025-11-11,9.85,99,1.59,0.0
Reims,49.2577886,4.031926,2025-11-11,11.21,100,1.68,0.0
Reims,49.2577886,4.031926,2025-11-11,13.96,100,2.3,0.0
Saint-Étienne,45.4401467,4.3873058,2025-11-06,14.81,19,1.09,0.0
Saint-Étienne,45.4401467,4.3873058,2025-11-06,12.62,67,1.13,0.0
Saint-Étienne,45.4401467,4.3873058,2025-11-07,10.2,97,1.67,0.0
Saint-Étienne,45.4401467,4.3873058,2025-11-07,10.59,100,1.79,0.48
Saint-Étienne,45.4401467,4.3873058,2025-11-07,8.0,100,2.33,1.42
Saint-Étienne,45.4401467,4.3873058,2025-11-07,11.18,100,1.46,0.0
Saint-Étienne,45.4401467,4.3873058,2025-11-07,13.42,99,0.27,0.0
Saint-Étienne,45.4401467,4.3873058,2025-11-07,13.42,81,1.19,0.13
Saint-Étienne,45.4401467,4.3873058,2025-11-07,9.01,59,0.66,0.0
Saint-Étienne,45.4401467,4.3873058,2025-11-07,7.5,32,1.52,0.0
Saint-Étienne,45.4401467,4.3873058,2025-11-08,8.71,60,0.79,0.0
Saint-Étienne,45.4401467,4.3873058,2025-11-08,8.64,100,0.32,0.0
Saint-Étienne,45.4401467,4.3873058,2025-11-08,8.32,100,0.53,0.0
Saint-Étienne,45.4401467,4.3873058,2025-11-08,9.85,100,1.12,0.0
Saint-Étienne,45.4401467,4.3873058,2025-11-08,9.01,100,1.42,0.61
Saint-Étienne,45.4401467,4.3873058,2025-11-08,9.66,100,1.65,0.37
Saint-Étienne,45.4401467,4.3873058,2025-11-08,8.53,100,2.16,0.65
Saint-Étienne,45.4401467,4.3873058,2025-11-08,8.36,100,1.84,0.46
Saint-Étienne,45.4401467,4.3873058,2025-11-09,8.43,100,1.27,0.46
Saint-Étienne,45.4401467,4.3873058,2025-11-09,8.27,100,1.44,0.31
Saint-Étienne,45.4401467,4.3873058,2025-11-09,8.53,100,3.89,1.59
Saint-Étienne,45.4401467,4.3873058,2025-11-09,8.12,100,2.38,0.86
Saint-Étienne,45.4401467,4.3873058,2025-11-09,8.31,100,2.44,0.46
Saint-Étienne,45.4401467,4.3873058,2025-11-09,9.34,100,3.28,0.4
Saint-Étienne,45.4401467,4.3873058,2025-11-09,8.09,96,1.6,0.13
Saint-Étienne,45.4401467,4.3873058,2025-11-09,7.42,100,1.51,0.0
Saint-Étienne,45.4401467,4.3873058,2025-11-10,7.08,100,1.39,0.0
Saint-Étienne,45.4401467,4.3873058,2025-11-10,6.52,100,1.38,0.0
Saint-Étienne,45.4401467,4.3873058,2025-11-10,6.37,100,1.41,0.0
Saint-Étienne,45.4401467,4.3873058,2025-11-10,8.48,47,0.44,0.0
Saint-Étienne,45.4401467,4.3873058,2025-11-10,11.49,37,1.05,0.0
Saint-Étienne,45.4401467,4.3873058,2025-11-10,10.97,72,0.89,0.0
Saint-Étienne,45.4401467,4.3873058,2025-11-10,6.6,82,0.84,0.0
Saint-Étienne,45.4401467,4.3873058,2025-11-10,5.85,48,1.81,0.0
Saint-Étienne,45.4401467,4.3873058,2025-11-11,5.08,49,2.09,0.0
Saint-Étienne,45.4401467,4.3873058,2025-11-11,4.45,11,2.03,0.0
Saint-Étienne,45.4401467,4.3873058,2025-11-11,3.8,12,1.97,0.0
Saint-Étienne,45.4401467,4.3873058,2025-11-11,8.81,9,1.01,0.0
Saint-Étienne,45.4401467,4.3873058,2025-11-11,12.94,7,1.27,0.0
Saint-Étienne,45.4401467,4.3873058,2025-11-11,12.05,2,1.88,0.0
Toulon,43.1257311,5.9304919,2025-11-06,15.84,27,10.22,8.2
Toulon,43.1257311,5.9304919,2025-11-06,13.21,65,9.72,0.36
Toulon,43.1257311,5.9304919,2025-11-07,11.17,99,7.19,1.66
Toulon,43.1257311,5.9304919,2025-11-07,11.03,99,7.23,2.6
Toulon,43.1257311,5.9304919,2025-11-07,8.69,98,5.75,1.28
Toulon,43.1257311,5.9304919,2025-11-07,14.77,100,6.63,0.84
Toulon,43.1257311,5.9304919,2025-11-07,14.92,100,7.08,1.93
Toulon,43.1257311,5.9304919,2025-11-07,15.2,100,5.78,3.17
Toulon,43.1257311,5.9304919,2025-11-07,14.9,99,4.26,1.48
Toulon,43.1257311,5.9304919,2025-11-07,14.77,67,2.68,0.0
Toulon,43.1257311,5.9304919,2025-11-08,14.08,51,2.35,0.0
Toulon,43.1257311,5.9304919,2025-11-08,13.39,44,2.02,0.0
Toulon,43.1257311,5.9304919,2025-11-08,13.38,35,2.17,0.18
Toulon,43.1257311,5.9304919,2025-11-08,15.3,16,2.09,0.0
Toulon,43.1257311,5.9304919,2025-11-08,17.05,22,0.65,0.0
Toulon,43.1257311,5.9304919,2025-11-08,16.5,55,2.39,0.23
Toulon,43.1257311,5.9304919,2025-11-08,15.41,74,1.3,0.0
Toulon,43.1257311,5.9304919,2025-11-08,14.87,45,1.72,0.0
Toulon,43.1257311,5.9304919,2025-11-09,14.5,38,0.79,0.0
Toulon,43.1257311,5.9304919,2025-11-09,13.98,31,1.33,0.0
Toulon,43.1257311,5.9304919,2025-11-09,13.5,22,1.78,0.0
Toulon,43.1257311,5.9304919,2025-11-09,15.01,6,1.37,0.0
Toulon,43.1257311,5.9304919,2025-11-09,16.94,3,1.06,0.0
Toulon,43.1257311,5.9304919,2025-11-09,17.5,0,1.95,0.0
Toulon,43.1257311,5.9304919,2025-11-09,15.93,0,3.64,0.0
Toulon,43.1257311,5.9304919,2025-11-09,15.04,0,2.34,0.0
Toulon,43.1257311,5.9304919,2025-11-10,14.39,0,1.54,0.0
Toulon,43.1257311,5.9304919,2025-11-10,13.49,0,1.78,0.0
Toulon,43.1257311,5.9304919,2025-11-10,13.09,1,1.3,0.0
Toulon,43.1257311,5.9304919,2025-11-10,15.27,11,1.01,0.0
Toulon,43.1257311,5.9304919,2025-11-10,16.59,20,1.51,0.0
Toulon,43.1257311,5.9304919,2025-11-10,16.31,65,2.03,0.0
Toulon,43.1257311,5.9304919,2025-11-10,15.27,41,2.74,0.0
Toulon,43.1257311,5.9304919,2025-11-10,14.58,26,2.43,0.0
Toulon,43.1257311,5.9304919,2025-11-11,13.93,21,1.48,0.0
Toulon,43.1257311,5.9304919,2025-11-11,13.41,100,2.35,0.0
Toulon,43.1257311,5.9304919,2025-11-11,13.19,100,3.39,0.0
Toulon,43.1257311,5.9304919,2025-11-11,14.9,61,3.42,0.0
Toulon,43.1257311,5.9304919,2025-11-11,16.8,40,3.03,0.0
Toulon,43.1257311,5.9304919,2025-11-11,16.88,2,3.03,0.0
Grenoble,45.1875602,5.7357819,2025-11-06,14.35,91,1.45,0.0
Grenoble,45.1875602,5.7357819,2025-11-06,13.58,98,0.86,0.0
Grenoble,45.1875602,5.7357819,2025-11-07,12.68,98,0.62,0.0
Grenoble,45.1875602,5.7357819,2025-11-07,12.04,99,1.68,0.0
Grenoble,45.1875602,5.7357819,2025-11-07,11.22,99,1.85,1.02
Grenoble,45.1875602,5.7357819,2025-11-07,12.23,100,1.87,0.7
Grenoble,45.1875602,5.7357819,2025-11-07,15.79,100,1.29,0.26
Grenoble,45.1875602,5.7357819,2025-11-07,15.59,88,0.93,0.0
Grenoble,45.1875602,5.7357819,2025-11-07,11.4,93,0.91,0.0
Grenoble,45.1875602,5.7357819,2025-11-07,10.73,68,0.93,0.0
Grenoble,45.1875602,5.7357819,2025-11-08,10.28,83,0.82,0.0
Grenoble,45.1875602,5.7357819,2025-11-08,11.03,100,0.67,0.0
Grenoble,45.1875602,5.7357819,2025-11-08,11.14,100,0.76,0.0
Grenoble,45.1875602,5.7357819,2025-11-08,12.98,100,1.04,0.0
Grenoble,45.1875602,5.7357819,2025-11-08,14.36,100,1.88,0.12
Grenoble,45.1875602,5.7357819,2025-11-08,13.3,100,1.93,0.0
Grenoble,45.1875602,5.7357819,2025-11-08,9.93,100,1.34,0.0
Grenoble,45.1875602,5.7357819,2025-11-08,9.5,74,1.1,0.0
Grenoble,45.1875602,5.7357819,2025-11-09,9.46,62,1.24,0.0
Grenoble,45.1875602,5.7357819,2025-11-09,10.4,97,1.55,0.0
Grenoble,45.1875602,5.7357819,2025-11-09,9.92,92,1.53,0.0
Grenoble,45.1875602,5.7357819,2025-11-09,11.49,97,1.93,0.0
Grenoble,45.1875602,5.7357819,2025-11-09,11.96,99,2.1,0.0
Grenoble,45.1875602,5.7357819,2025-11-09,11.68,99,2.06,0.0
Grenoble,45.1875602,5.7357819,2025-11-09,10.81,100,1.47,0.0
Grenoble,45.1875602,5.7357819,2025-11-09,10.65,100,1.33,0.15
Grenoble,45.1875602,5.7357819,2025-11-10,10.49,100,1.32,0.0
Grenoble,45.1875602,5.7357819,2025-11-10,9.29,84,1.4,0.0
Grenoble,45.1875602,5.7357819,2025-11-10,9.46,94,1.16,0.0
Grenoble,45.1875602,5.7357819,2025-11-10,11.57,88,0.91,0.0
Grenoble,45.1875602,5.7357819,2025-11-10,13.36,82,1.28,0.0
Grenoble,45.1875602,5.7357819,2025-11-10,13.15,70,1.48,0.0
Grenoble,45.1875602,5.7357819,2025-11-10,8.71,57,0.8,0.0
Grenoble,45.1875602,5.7357819,2025-11-10,7.73,33,0.39,0.0
Grenoble,45.1875602,5.7357819,2025-11-11,7.34,58,0.93,0.0
Grenoble,45.1875602,5.7357819,2025-11-11,6.96,59,0.76,0.0
Grenoble,45.1875602,5.7357819,2025-11-11,6.58,33,0.82,0.0
Grenoble,45.1875602,5.7357819,2025-11-11,11.6,3,0.09,0.0
Grenoble,45.1875602,5.7357819,2025-11-11,15.67,5,1.05,0.0
Grenoble,45.1875602,5.7357819,2025-11-11,14.6,21,0.62,0.0
Dijon,47.3215806,5.0414701,2025-11-06,14.27,28,0.37,0.0
Dijon,47.3215806,5.0414701,2025-11-06,10.47,33,0.71,0.0
Dijon,47.3215806,5.0414701,2025-11-07,6.51,33,1.05,0.0
Dijon,47.3215806,5.0414701,2025-11-07,5.05,73,1.77,0.0
Dijon,47.3215806,5.0414701,2025-11-07,4.96,57,1.95,0.0
Dijon,47.3215806,5.0414701,2025-11-07,11.08,44,1.83,0.0
Dijon,47.3215806,5.0414701,2025-11-07,14.3,56,2.42,0.0
Dijon,47.3215806,5.0414701,2025-11-07,13.57,95,1.89,0.0
Dijon,47.3215806,5.0414701,2025-11-07,9.92,86,1.51,0.0
Dijon,47.3215806,5.0414701,2025-11-07,9.56,100,0.71,0.0
Dijon,47.3215806,5.0414701,2025-11-08,8.95,100,0.39,0.0
Dijon,47.3215806,5.0414701,2025-11-08,9.68,100,0.77,0.0
Dijon,47.3215806,5.0414701,2025-11-08,9.26,100,0.86,0.0
Dijon,47.3215806,5.0414701,2025-11-08,10.22,100,1.0,0.0
Dijon,47.3215806,5.0414701,2025-11-08,11.89,100,1.0,0.0
Dijon,47.3215806,5.0414701,2025-11-08,11.45,100,0.59,0.36
Dijon,47.3215806,5.0414701,2025-11-08,10.51,100,0.96,0.63
Dijon,47.3215806,5.0414701,2025-11-08,10.45,100,1.7,0.89
Dijon,47.3215806,5.0414701,2025-11-09,10.31,100,1.76,0.23
Dijon,47.3215806,5.0414701,2025-11-09,9.88,100,1.61,0.33
Dijon,47.3215806,5.0414701,2025-11-09,9.61,100,1.61,0.17
Dijon,47.3215806,5.0414701,2025-11-09,10.2,93,2.12,0.61
Dijon,47.3215806,5.0414701,2025-11-09,11.47,97,3.44,0.11
Dijon,47.3215806,5.0414701,2025-11-09,12.35,76,2.84,0.0
Dijon,47.3215806,5.0414701,2025-11-09,8.7,73,2.16,0.0
Dijon,47.3215806,5.0414701,2025-11-09,7.88,43,1.67,0.0
Dijon,47.3215806,5.0414701,2025-11-10,7.3,31,1.36,0.0
Dijon,47.3215806,5.0414701,2025-11-10,6.75,25,1.26,0.0
Dijon,47.3215806,5.0414701,2025-11-10,6.48,32,1.19,0.0
Dijon,47.3215806,5.0414701,2025-11-10,10.26,69,0.57,0.0
Dijon,47.3215806,5.0414701,2025-11-10,13.06,50,1.21,0.0
Dijon,47.3215806,5.0414701,2025-11-10,12.08,99,1.51,0.0
Dijon,47.3215806,5.0414701,2025-11-10,8.47,95,1.45,0.0
Dijon,47.3215806,5.0414701,2025-11-10,7.82,93,1.23,0.0
Dijon,47.3215806,5.0414701,2025-11-11,8.4,88,1.37,0.0
Dijon,47.3215806,5.0414701,2025-11-11,8.67,96,1.12,0.0
Dijon,47.3215806,5.0414701,2025-11-11,6.73,77,0.47,0.0
Dijon,47.3215806,5.0414701,2025-11-11,9.59,97,0.67,0.0
Dijon,47.3215806,5.0414701,2025-11-11,12.74,54,1.57,0.0
Dijon,47.3215806,5.0414701,2025-11-11,12.3,9,1.4,0.0
Angers,47.4739884,-0.5515588,2025-11-06,15.34,90,2.34,0.0
Angers,47.4739884,-0.5515588,2025-11-06,12.79,92,2.69,0.0
Angers,47.4739884,-0.5515588,2025-11-07,10.22,56,3.1,0.0
Angers,47.4739884,-0.5515588,2025-11-07,10.35,72,3.0,0.0
Angers,47.4739884,-0.5515588,2025-11-07,11.57,53,3.16,0.0
Angers,47.4739884,-0.5515588,2025-11-07,13.64,100,4.96,0.0
Angers,47.4739884,-0.5515588,2025-11-07,16.34,100,6.21,0.0
Angers,47.4739884,-0.5515588,2025-11-07,13.36,100,5.71,1.65
Angers,47.4739884,-0.5515588,2025-11-07,13.17,100,6.38,3.84
Angers,47.4739884,-0.5515588,2025-11-07,12.91,100,2.9,0.13
Angers,47.4739884,-0.5515588,2025-11-08,11.04,100,2.61,0.0
Angers,47.4739884,-0.5515588,2025-11-08,10.16,100,2.29,0.0
Angers,47.4739884,-0.5515588,2025-11-08,8.99,100,2.59,0.0
Angers,47.4739884,-0.5515588,2025-11-08,10.69,84,2.66,0.0
Angers,47.4739884,-0.5515588,2025-11-08,14.39,79,3.75,0.0
Angers,47.4739884,-0.5515588,2025-11-08,14.92,52,3.88,0.0
Angers,47.4739884,-0.5515588,2025-11-08,12.37,74,2.87,0.0
Angers,47.4739884,-0.5515588,2025-11-08,9.37,9,2.89,0.0
Angers,47.4739884,-0.5515588,2025-11-09,8.3,4,2.24,0.0
Angers,47.4739884,-0.5515588,2025-11-09,7.58,0,1.48,0.0
Angers,47.4739884,-0.5515588,2025-11-09,7.17,26,0.59,0.0
Angers,47.4739884,-0.5515588,2025-11-09,10.24,6,1.53,0.0
Angers,47.4739884,-0.5515588,2025-11-09,14.3,27,2.5,0.0
Angers,47.4739884,-0.5515588,2025-11-09,14.84,66,2.77,0.0
Angers,47.4739884,-0.5515588,2025-11-09,10.51,67,2.92,0.0
Angers,47.4739884,-0.5515588,2025-11-09,9.32,100,3.19,0.0
Angers,47.4739884,-0.5515588,2025-11-10,8.91,100,3.17,0.0
Angers,47.4739884,-0.5515588,2025-11-10,9.5,100,3.53,0.0
Angers,47.4739884,-0.5515588,2025-11-10,10.49,100,4.21,0.18
Angers,47.4739884,-0.5515588,2025-11-10,11.06,100,4.46,0.17
Angers,47.4739884,-0.5515588,2025-11-10,14.15,100,6.5,0.0
Angers,47.4739884,-0.5515588,2025-11-10,12.79,100,5.15,4.44
Angers,47.4739884,-0.5515588,2025-11-10,10.98,68,3.03,0.0
Angers,47.4739884,-0.5515588,2025-11-10,9.87,60,2.42,0.0
Angers,47.4739884,-0.5515588,2025-11-11,9.3,66,2.48,0.0
Angers,47.4739884,-0.5515588,2025-11-11,8.68,100,1.98,0.0
Angers,47.4739884,-0.5515588,2025-11-11,8.44,100,2.55,0.0
Angers,47.4739884,-0.5515588,2025-11-11,10.45,100,3.18,0.0
Angers,47.4739884,-0.5515588,2025-11-11,14.37,100,4.83,0.0
Angers,47.4739884,-0.5515588,2025-11-11,14.5,100,4.37,0.0
Nîmes,43.8374249,4.3600687,2025-11-06,14.29,83,7.82,1.23
Nîmes,43.8374249,4.3600687,2025-11-06,12.77,92,4.84,1.23
Nîmes,43.8374249,4.3600687,2025-11-07,11.76,100,2.71,1.98
Nîmes,43.8374249,4.3600687,2025-11-07,11.16,100,4.09,0.63
Nîmes,43.8374249,4.3600687,2025-11-07,9.62,100,3.13,0.11
Nîmes,43.8374249,4.3600687,2025-11-07,14.02,91,3.33,0.0
Nîmes,43.8374249,4.3600687,2025-11-07,14.19,96,2.02,0.0
Nîmes,43.8374249,4.3600687,2025-11-07,13.98,100,0.48,0.0
Nîmes,43.8374249,4.3600687,2025-11-07,13.2,100,0.42,0.0
Nîmes,43.8374249,4.3600687,2025-11-07,11.37,50,0.41,0.0
Nîmes,43.8374249,4.3600687,2025-11-08,10.72,43,0.72,0.0
Nîmes,43.8374249,4.3600687,2025-11-08,10.47,96,1.96,0.0
Nîmes,43.8374249,4.3600687,2025-11-08,10.0,94,2.18,0.0
Nîmes,43.8374249,4.3600687,2025-11-08,13.32,100,1.98,0.0
Nîmes,43.8374249,4.3600687,2025-11-08,16.73,100,2.14,0.0
Nîmes,43.8374249,4.3600687,2025-11-08,16.45,100,3.22,1.24
Nîmes,43.8374249,4.3600687,2025-11-08,12.89,98,2.86,0.0
Nîmes,43.8374249,4.3600687,2025-11-08,11.84,100,3.17,0.0
Nîmes,43.8374249,4.3600687,2025-11-09,11.16,93,2.61,0.0
Nîmes,43.8374249,4.3600687,2025-11-09,10.06,14,2.76,0.0
Nîmes,43.8374249,4.3600687,2025-11-09,9.36,11,2.41,0.0
Nîmes,43.8374249,4.3600687,2025-11-09,14.52,2,4.06,0.0
Nîmes,43.8374249,4.3600687,2025-11-09,17.52,4,6.42,0.0
Nîmes,43.8374249,4.3600687,2025-11-09,16.67,7,5.26,0.0
Nîmes,43.8374249,4.3600687,2025-11-09,12.52,3,3.46,0.0
Nîmes,43.8374249,4.3600687,2025-11-09,11.2,0,3.49,0.0
Nîmes,43.8374249,4.3600687,2025-11-10,10.17,1,3.17,0.0
Nîmes,43.8374249,4.3600687,2025-11-10,9.26,3,3.2,0.0
Nîmes,43.8374249,4.3600687,2025-11-10,8.85,24,2.41,0.0
Nîmes,43.8374249,4.3600687,2025-11-10,12.6,99,3.06,0.0
Nîmes,43.8374249,4.3600687,2025-11-10,16.54,74,3.84,0.0
Nîmes,43.8374249,4.3600687,2025-11-10,16.68,11,1.45,0.0
Nîmes,43.8374249,4.3600687,2025-11-10,12.03,16,1.39,0.0
Nîmes,43.8374249,4.3600687,2025-11-10,11.31,53,1.73,0.0
Nîmes,43.8374249,4.3600687,2025-11-11,10.39,73,1.95,0.0
Nîmes,43.8374249,4.3600687,2025-11-11,9.3,68,2.16,0.0
Nîmes,43.8374249,4.3600687,2025-11-11,8.6,45,2.19,0.0
Nîmes,43.8374249,4.3600687,2025-11-11,12.54,3,2.87,0.0
Nîmes,43.8374249,4.3600687,2025-11-11,16.33,1,3.09,0.0
Nîmes,43.8374249,4.3600687,2025-11-11,16.16,0,2.53,0.0
Villeurbanne,45.7733573,4.8868454,2025-11-06,15.9,16,1.96,0.0
Villeurbanne,45.7733573,4.8868454,2025-11-06,12.91,67,0.81,0.0
Villeurbanne,45.7733573,4.8868454,2025-11-07,10.5,100,1.07,0.0
Villeurbanne,45.7733573,4.8868454,2025-11-07,10.63,99,1.11,0.0
Villeurbanne,45.7733573,4.8868454,2025-11-07,9.95,100,1.2,0.0
Villeurbanne,45.7733573,4.8868454,2025-11-07,12.59,100,1.63,0.0
Villeurbanne,45.7733573,4.8868454,2025-11-07,15.85,81,0.8,0.0
Villeurbanne,45.7733573,4.8868454,2025-11-07,16.17,30,1.47,0.0
Villeurbanne,45.7733573,4.8868454,2025-11-07,13.3,24,0.6,0.0
Villeurbanne,45.7733573,4.8868454,2025-11-07,11.92,23,0.21,0.0
Villeurbanne,45.7733573,4.8868454,2025-11-08,11.51,62,0.41,0.0
Villeurbanne,45.7733573,4.8868454,2025-11-08,10.88,100,0.67,0.0
Villeurbanne,45.7733573,4.8868454,2025-11-08,10.62,100,0.44,0.0
Villeurbanne,45.7733573,4.8868454,2025-11-08,11.97,100,0.97,0.0
Villeurbanne,45.7733573,4.8868454,2025-11-08,12.41,100,1.16,0.0
Villeurbanne,45.7733573,4.8868454,2025-11-08,13.62,100,2.02,0.39
Villeurbanne,45.7733573,4.8868454,2025-11-08,12.0,100,2.58,0.75
Villeurbanne,45.7733573,4.8868454,2025-11-08,11.06,75,1.79,0.38
Villeurbanne,45.7733573,4.8868454,2025-11-09,10.94,83,1.26,0.38
Villeurbanne,45.7733573,4.8868454,2025-11-09,10.98,99,1.08,0.41
Villeurbanne,45.7733573,4.8868454,2025-11-09,11.12,99,1.64,0.67
Villeurbanne,45.7733573,4.8868454,2025-11-09,11.88,100,2.41,0.73
Villeurbanne,45.7733573,4.8868454,2025-11-09,13.69,97,3.27,0.36
Villeurbanne,45.7733573,4.8868454,2025-11-09,13.37,73,3.08,0.17
Villeurbanne,45.7733573,4.8868454,2025-11-09,12.09,81,2.4,0.25
Villeurbanne,45.7733573,4.8868454,2025-11-09,11.62,96,2.53,0.19
Villeurbanne,45.7733573,4.8868454,2025-11-10,11.05,91,2.43,0.0
Villeurbanne,45.7733573,4.8868454,2025-11-10,11.14,100,1.63,0.0
Villeurbanne,45.7733573,4.8868454,2025-11-10,9.14,75,1.42,0.0
Villeurbanne,45.7733573,4.8868454,2025-11-10,10.78,32,1.35,0.0
Villeurbanne,45.7733573,4.8868454,2025-11-10,13.71,26,1.85,0.0
Villeurbanne,45.7733573,4.8868454,2025-11-10,13.84,61,1.76,0.0
Villeurbanne,45.7733573,4.8868454,2025-11-10,11.44,73,0.44,0.0
Villeurbanne,45.7733573,4.8868454,2025-11-10,10.37,92,0.15,0.0
Villeurbanne,45.7733573,4.8868454,2025-11-11,9.42,78,0.2,0.0
Villeurbanne,45.7733573,4.8868454,2025-11-11,8.66,14,0.17,0.0
Villeurbanne,45.7733573,4.8868454,2025-11-11,8.01,14,0.13,0.0
Villeurbanne,45.7733573,4.8868454,2025-11-11,10.18,13,0.37,0.0
Villeurbanne,45.7733573,4.8868454,2025-11-11,13.28,30,1.04,0.0
Villeurbanne,45.7733573,4.8868454,2025-11-11,13.74,1,0.92,0.0
Clermont-Ferrand,45.7774551,3.0819427,2025-11-06,13.87,98,2.41,0.0
Clermont-Ferrand,45.7774551,3.0819427,2025-11-06,13.36,99,2.3,0.0
Clermont-Ferrand,45.7774551,3.0819427,2025-11-07,10.1,94,2.53,0.0
Clermont-Ferrand,45.7774551,3.0819427,2025-11-07,9.23,99,1.81,0.0
Clermont-Ferrand,45.7774551,3.0819427,2025-11-07,10.3,98,2.37,0.0
Clermont-Ferrand,45.7774551,3.0819427,2025-11-07,11.87,97,1.78,0.0
Clermont-Ferrand,45.7774551,3.0819427,2025-11-07,13.64,99,1.38,0.0
Clermont-Ferrand,45.7774551,3.0819427,2025-11-07,13.04,100,1.07,0.0
Clermont-Ferrand,45.7774551,3.0819427,2025-11-07,10.98,95,1.21,0.0
Clermont-Ferrand,45.7774551,3.0819427,2025-11-07,10.51,100,0.93,0.1
Clermont-Ferrand,45.7774551,3.0819427,2025-11-08,10.04,100,0.3,0.1
Clermont-Ferrand,45.7774551,3.0819427,2025-11-08,9.79,100,0.81,0.32
Clermont-Ferrand,45.7774551,3.0819427,2025-11-08,9.53,100,0.4,0.22
Clermont-Ferrand,45.7774551,3.0819427,2025-11-08,10.64,100,1.33,0.73
Clermont-Ferrand,45.7774551,3.0819427,2025-11-08,10.7,100,1.85,1.21
Clermont-Ferrand,45.7774551,3.0819427,2025-11-08,10.18,100,1.38,0.51
Clermont-Ferrand,45.7774551,3.0819427,2025-11-08,9.52,100,1.02,0.85
Clermont-Ferrand,45.7774551,3.0819427,2025-11-08,9.56,100,1.45,1.17
Clermont-Ferrand,45.7774551,3.0819427,2025-11-09,9.53,100,1.64,1.23
Clermont-Ferrand,45.7774551,3.0819427,2025-11-09,9.03,99,2.06,0.5
Clermont-Ferrand,45.7774551,3.0819427,2025-11-09,8.44,99,1.83,0.29
Clermont-Ferrand,45.7774551,3.0819427,2025-11-09,8.86,100,1.37,0.31
Clermont-Ferrand,45.7774551,3.0819427,2025-11-09,10.34,99,1.04,0.0
Clermont-Ferrand,45.7774551,3.0819427,2025-11-09,9.96,100,0.76,0.0
Clermont-Ferrand,45.7774551,3.0819427,2025-11-09,8.91,100,0.9,0.0
Clermont-Ferrand,45.7774551,3.0819427,2025-11-09,6.11,34,0.76,0.0
Clermont-Ferrand,45.7774551,3.0819427,2025-11-10,4.89,19,1.08,0.0
Clermont-Ferrand,45.7774551,3.0819427,2025-11-10,4.36,31,1.61,0.0
Clermont-Ferrand,45.7774551,3.0819427,2025-11-10,3.85,59,1.95,0.0
Clermont-Ferrand,45.7774551,3.0819427,2025-11-10,8.37,48,1.59,0.0
Clermont-Ferrand,45.7774551,3.0819427,2025-11-10,12.57,66,0.4,0.0
Clermont-Ferrand,45.7774551,3.0819427,2025-11-10,12.17,66,0.77,0.0
Clermont-Ferrand,45.7774551,3.0819427,2025-11-10,8.05,83,1.94,0.0
Clermont-Ferrand,45.7774551,3.0819427,2025-11-10,8.63,89,1.39,0.0
Clermont-Ferrand,45.7774551,3.0819427,2025-11-11,6.3,65,1.52,0.0
Clermont-Ferrand,45.7774551,3.0819427,2025-11-11,5.86,42,1.35,0.0
Clermont-Ferrand,45.7774551,3.0819427,2025-11-11,5.12,28,1.71,0.0
Clermont-Ferrand,45.7774551,3.0819427,2025-11-11,9.94,6,1.62,0.0
Clermont-Ferrand,45.7774551,3.0819427,2025-11-11,13.8,5,1.91,0.0
Clermont-Ferrand,45.7774551,3.0819427,2025-11-11,13.55,25,1.21,0.0
Le Havre,49.4938975,0.1079732,2025-11-06,16.52,71,4.93,0.34
Le Havre,49.4938975,0.1079732,2025-11-06,15.34,79,4.22,0.0
Le Havre,49.4938975,0.1079732,2025-11-07,13.88,91,4.33,0.51
Le Havre,49.4938975,0.1079732,2025-11-07,13.44,66,4.34,0.0
Le Havre,49.4938975,0.1079732,2025-11-07,13.4,82,4.52,0.22
Le Havre,49.4938975,0.1079732,2025-11-07,13.18,71,5.91,0.0
Le Havre,49.4938975,0.1079732,2025-11-07,13.65,61,6.95,0.0
Le Havre,49.4938975,0.1079732,2025-11-07,14.93,57,6.86,0.0
Le Havre,49.4938975,0.1079732,2025-11-07,14.12,66,6.95,0.61
Le Havre,49.4938975,0.1079732,2025-11-07,13.53,100,7.45,1.78
Le Havre,49.4938975,0.1079732,2025-11-08,13.93,100,4.14,4.1
Le Havre,49.4938975,0.1079732,2025-11-08,13.45,100,4.3,0.33
Le Havre,49.4938975,0.1079732,2025-11-08,13.3,100,3.97,0.0
Le Havre,49.4938975,0.1079732,2025-11-08,13.74,86,3.71,0.0
Le Havre,49.4938975,0.1079732,2025-11-08,14.12,91,5.33,0.21
Le Havre,49.4938975,0.1079732,2025-11-08,13.73,28,4.38,0.0
Le Havre,49.4938975,0.1079732,2025-11-08,13.05,24,3.8,0.0
Le Havre,49.4938975,0.1079732,2025-11-08,12.98,24,4.06,0.0
Le Havre,49.4938975,0.1079732,2025-11-09,12.94,21,3.94,0.0
Le Havre,49.4938975,0.1079732,2025-11-09,12.51,9,3.7,0.0
Le Havre,49.4938975,0.1079732,2025-11-09,11.27,21,3.5,0.0
Le Havre,49.4938975,0.1079732,2025-11-09,10.7,73,3.55,0.0
Le Havre,49.4938975,0.1079732,2025-11-09,12.34,55,3.36,0.0
Le Havre,49.4938975,0.1079732,2025-11-09,13.79,45,2.17,0.0
Le Havre,49.4938975,0.1079732,2025-11-09,12.68,53,4.75,0.0
Le Havre,49.4938975,0.1079732,2025-11-09,11.57,63,6.01,0.0
Le Havre,49.4938975,0.1079732,2025-11-10,11.24,81,7.17,0.0
Le Havre,49.4938975,0.1079732,2025-11-10,11.24,100,7.58,0.29
Le Havre,49.4938975,0.1079732,2025-11-10,11.25,100,7.76,2.38
Le Havre,49.4938975,0.1079732,2025-11-10,11.76,100,7.64,4.06
Le Havre,49.4938975,0.1079732,2025-11-10,11.46,100,6.62,4.63
Le Havre,49.4938975,0.1079732,2025-11-10,12.29,100,6.13,0.12
Le Havre,49.4938975,0.1079732,2025-11-10,12.67,96,5.68,0.0
Le Havre,49.4938975,0.1079732,2025-11-10,12.27,54,3.69,0.0
Le Havre,49.4938975,0.1079732,2025-11-11,11.67,56,4.7,0.0
Le Havre,49.4938975,0.1079732,2025-11-11,11.22,93,4.9,0.0
Le Havre,49.4938975,0.1079732,2025-11-11,10.71,54,5.69,0.0
Le Havre,49.4938975,0.1079732,2025-11-11,10.86,100,4.83,0.0
Le Havre,49.4938975,0.1079732,2025-11-11,13.09,100,4.5,0.0
Le Havre,49.4938975,0.1079732,2025-11-11,13.97,100,4.56,0.0
Aix-en-Provence,43.5298424,5.4474738,2025-11-06,14.29,45,7.73,1.57
Aix-en-Provence,43.5298424,5.4474738,2025-11-06,11.11,61,6.66,0.0
Aix-en-Provence,43.5298424,5.4474738,2025-11-07,9.16,87,5.51,0.53
Aix-en-Provence,43.5298424,5.4474738,2025-11-07,9.73,98,2.91,0.35
Aix-en-Provence,43.5298424,5.4474738,2025-11-07,6.26,99,2.94,0.2
Aix-en-Provence,43.5298424,5.4474738,2025-11-07,12.82,85,3.24,0.13
Aix-en-Provence,43.5298424,5.4474738,2025-11-07,13.45,93,2.16,0.22
Aix-en-Provence,43.5298424,5.4474738,2025-11-07,14.19,100,1.22,0.0
Aix-en-Provence,43.5298424,5.4474738,2025-11-07,13.27,100,1.37,0.0
Aix-en-Provence,43.5298424,5.4474738,2025-11-07,12.88,99,0.57,0.0
Aix-en-Provence,43.5298424,5.4474738,2025-11-08,12.36,99,0.35,0.0
Aix-en-Provence,43.5298424,5.4474738,2025-11-08,11.43,91,1.11,0.0
Aix-en-Provence,43.5298424,5.4474738,2025-11-08,10.75,63,1.57,0.0
Aix-en-Provence,43.5298424,5.4474738,2025-11-08,13.24,73,1.62,0.0
Aix-en-Provence,43.5298424,5.4474738,2025-11-08,16.39,87,0.79,0.0
Aix-en-Provence,43.5298424,5.4474738,2025-11-08,16.24,99,2.67,0.0
Aix-en-Provence,43.5298424,5.4474738,2025-11-08,14.15,88,1.05,0.0
Aix-en-Provence,43.5298424,5.4474738,2025-11-08,13.17,83,0.96,0.0
Aix-en-Provence,43.5298424,5.4474738,2025-11-09,11.75,74,1.14,0.0
Aix-en-Provence,43.5298424,5.4474738,2025-11-09,10.76,25,1.2,0.0
Aix-en-Provence,43.5298424,5.4474738,2025-11-09,9.92,14,1.38,0.0
Aix-en-Provence,43.5298424,5.4474738,2025-11-09,12.34,0,1.62,0.0
Aix-en-Provence,43.5298424,5.4474738,2025-11-09,15.96,0,2.28,0.0
Aix-en-Provence,43.5298424,5.4474738,2025-11-09,16.38,0,3.48,0.0
Aix-en-Provence,43.5298424,5.4474738,2025-11-09,13.22,2,1.78,0.0
Aix-en-Provence,43.5298424,5.4474738,2025-11-09,11.68,0,1.2,0.0
Aix-en-Provence,43.5298424,5.4474738,2025-11-10,10.61,0,1.4,0.0
Aix-en-Provence,43.5298424,5.4474738,2025-11-10,9.82,0,1.56,0.0
Aix-en-Provence,43.5298424,5.4474738,2025-11-10,9.13,2,1.46,0.0
Aix-en-Provence,43.5298424,5.4474738,2025-11-10,12.08,9,1.48,0.0
Aix-en-Provence,43.5298424,5.4474738,2025-11-10,15.76,38,1.33,0.0
Aix-en-Provence,43.5298424,5.4474738,2025-11-10,15.91,13,2.74,0.0
Aix-en-Provence,43.5298424,5.4474738,2025-11-10,13.29,24,1.09,0.0
Aix-en-Provence,43.5298424,5.4474738,2025-11-10,12.03,3,0.45,0.0
Aix-en-Provence,43.5298424,5.4474738,2025-11-11,11.07,38,1.42,0.0
Aix-en-Provence,43.5298424,5.4474738,2025-11-11,10.3,100,1.78,0.0
Aix-en-Provence,43.5298424,5.4474738,2025-11-11,9.61,89,1.95,0.0
Aix-en-Provence,43.5298424,5.4474738,2025-11-11,12.61,12,1.7,0.0
Aix-en-Provence,43.5298424,5.4474738,2025-11-11,16.31,6,0.88,0.0
Aix-en-Provence,43.5298424,5.4474738,2025-11-11,16.39,0,2.05,0.0
Brest,48.3905283,-4.4860088,2025-11-06,15.28,66,3.06,0.0
Brest,48.3905283,-4.4860088,2025-11-06,13.33,26,3.25,0.0
Brest,48.3905283,-4.4860088,2025-11-07,11.81,7,3.34,0.0
Brest,48.3905283,-4.4860088,2025-11-07,12.2,40,4.86,0.17
Brest,48.3905283,-4.4860088,2025-11-07,12.04,58,5.78,0.0
Brest,48.3905283,-4.4860088,2025-11-07,13.53,100,9.95,2.24
Brest,48.3905283,-4.4860088,2025-11-07,14.19,99,6.33,3.13
Brest,48.3905283,-4.4860088,2025-11-07,13.83,18,6.77,0.26
Brest,48.3905283,-4.4860088,2025-11-07,12.08,19,5.51,0.22
Brest,48.3905283,-4.4860088,2025-11-07,11.57,4,4.7,0.13
Brest,48.3905283,-4.4860088,2025-11-08,11.13,3,2.51,0.0
Brest,48.3905283,-4.4860088,2025-11-08,10.77,6,2.19,0.0
Brest,48.3905283,-4.4860088,2025-11-08,10.54,4,2.13,0.0
Brest,48.3905283,-4.4860088,2025-11-08,12.2,0,3.11,0.0
Brest,48.3905283,-4.4860088,2025-11-08,13.87,1,3.68,0.0
Brest,48.3905283,-4.4860088,2025-11-08,13.48,3,3.47,0.0
Brest,48.3905283,-4.4860088,2025-11-08,10.96,25,2.24,0.0
Brest,48.3905283,-4.4860088,2025-11-08,10.62,66,2.15,0.0
Brest,48.3905283,-4.4860088,2025-11-09,10.61,52,3.51,0.0
Brest,48.3905283,-4.4860088,2025-11-09,10.74,11,4.53,0.0
Brest,48.3905283,-4.4860088,2025-11-09,11.44,55,5.33,0.0
Brest,48.3905283,-4.4860088,2025-11-09,13.12,93,7.4,0.0
Brest,48.3905283,-4.4860088,2025-11-09,14.57,95,8.46,0.16
Brest,48.3905283,-4.4860088,2025-11-09,13.5,100,8.43,0.34
Brest,48.3905283,-4.4860088,2025-11-09,13.39,100,8.85,4.66
Brest,48.3905283,-4.4860088,2025-11-09,12.65,100,2.74,3.71
Brest,48.3905283,-4.4860088,2025-11-10,11.25,99,0.68,0.12
Brest,48.3905283,-4.4860088,2025-11-10,11.09,100,1.36,0.0
Brest,48.3905283,-4.4860088,2025-11-10,11.61,100,2.86,0.0
Brest,48.3905283,-4.4860088,2025-11-10,12.53,72,2.87,0.1
Brest,48.3905283,-4.4860088,2025-11-10,14.23,37,5.42,0.0
Brest,48.3905283,-4.4860088,2025-11-10,13.92,7,5.33,0.0
Brest,48.3905283,-4.4860088,2025-11-10,12.78,50,5.32,0.0
Brest,48.3905283,-4.4860088,2025-11-10,12.46,92,4.99,0.0
Brest,48.3905283,-4.4860088,2025-11-11,12.65,85,5.9,0.0
Brest,48.3905283,-4.4860088,2025-11-11,12.58,100,6.3,0.0
Brest,48.3905283,-4.4860088,2025-11-11,13.26,100,7.56,0.0
Brest,48.3905283,-4.4860088,2025-11-11,13.92,100,7.62,0.0
Brest,48.3905283,-4.4860088,2025-11-11,14.95,100,9.05,0.0
Brest,48.3905283,-4.4860088,2025-11-11,14.83,100,9.25,0.0
Limoges,45.8354243,1.2644847,2025-11-06,12.35,83,1.01,3.72
Limoges,45.8354243,1.2644847,2025-11-06,11.85,92,1.3,0.27
Limoges,45.8354243,1.2644847,2025-11-07,11.48,100,1.91,0.23
Limoges,45.8354243,1.2644847,2025-11-07,9.19,56,2.73,0.0
Limoges,45.8354243,1.2644847,2025-11-07,11.97,78,2.39,0.13
Limoges,45.8354243,1.2644847,2025-11-07,11.05,100,2.21,0.33
Limoges,45.8354243,1.2644847,2025-11-07,12.68,100,1.77,0.24
Limoges,45.8354243,1.2644847,2025-11-07,13.28,35,2.19,0.64
Limoges,45.8354243,1.2644847,2025-11-07,9.68,60,1.43,0.29
Limoges,45.8354243,1.2644847,2025-11-07,10.22,100,1.52,0.69
Limoges,45.8354243,1.2644847,2025-11-08,8.99,100,1.61,1.27
Limoges,45.8354243,1.2644847,2025-11-08,8.23,100,1.15,0.0
Limoges,45.8354243,1.2644847,2025-11-08,8.92,100,0.41,0.14
Limoges,45.8354243,1.2644847,2025-11-08,9.45,100,0.35,0.82
Limoges,45.8354243,1.2644847,2025-11-08,11.54,100,2.12,0.27
Limoges,45.8354243,1.2644847,2025-11-08,10.81,100,1.79,0.12
Limoges,45.8354243,1.2644847,2025-11-08,10.05,100,1.41,0.0
Limoges,45.8354243,1.2644847,2025-11-08,7.58,83,1.47,0.0
Limoges,45.8354243,1.2644847,2025-11-09,6.02,49,0.98,0.0
Limoges,45.8354243,1.2644847,2025-11-09,5.83,25,0.46,0.0
Limoges,45.8354243,1.2644847,2025-11-09,7.98,58,0.89,0.0
Limoges,45.8354243,1.2644847,2025-11-09,9.39,27,0.71,0.0
Limoges,45.8354243,1.2644847,2025-11-09,13.0,17,1.58,0.0
Limoges,45.8354243,1.2644847,2025-11-09,12.83,36,1.11,0.0
Limoges,45.8354243,1.2644847,2025-11-09,7.08,39,0.27,0.0
Limoges,45.8354243,1.2644847,2025-11-09,5.74,11,0.66,0.0
Limoges,45.8354243,1.2644847,2025-11-10,5.03,19,0.96,0.0
Limoges,45.8354243,1.2644847,2025-11-10,4.47,41,1.28,0.0
Limoges,45.8354243,1.2644847,2025-11-10,3.95,47,1.19,0.0
Limoges,45.8354243,1.2644847,2025-11-10,8.3,80,1.27,0.0
Limoges,45.8354243,1.2644847,2025-11-10,13.47,66,1.62,0.0
Limoges,45.8354243,1.2644847,2025-11-10,12.29,100,1.74,0.0
Limoges,45.8354243,1.2644847,2025-11-10,8.01,97,1.67,0.0
Limoges,45.8354243,1.2644847,2025-11-10,6.54,39,1.22,0.0
Limoges,45.8354243,1.2644847,2025-11-11,7.1,51,1.43,0.0
Limoges,45.8354243,1.2644847,2025-11-11,5.59,47,1.29,0.0
Limoges,45.8354243,1.2644847,2025-11-11,5.15,48,1.19,0.0
Limoges,45.8354243,1.2644847,2025-11-11,9.72,40,1.39,0.0
Limoges,45.8354243,1.2644847,2025-11-11,15.36,62,2.46,0.0
Limoges,45.8354243,1.2644847,2025-11-11,15.23,87,1.35,0.0
Tours,47.3900474,0.6889268,2025-11-06,15.39,33,3.24,0.19
Tours,47.3900474,0.6889268,2025-11-06,13.35,67,2.84,0.45
Tours,47.3900474,0.6889268,2025-11-07,11.46,99,2.45,0.0
Tours,47.3900474,0.6889268,2025-11-07,10.26,59,3.07,0.0
Tours,47.3900474,0.6889268,2025-11-07,10.06,33,3.98,0.0
Tours,47.3900474,0.6889268,2025-11-07,12.39,90,4.42,0.0
Tours,47.3900474,0.6889268,2025-11-07,13.99,95,3.93,0.0
Tours,47.3900474,0.6889268,2025-11-07,16.0,73,3.81,0.0
Tours,47.3900474,0.6889268,2025-11-07,13.07,76,4.7,0.27
Tours,47.3900474,0.6889268,2025-11-07,11.68,99,5.64,2.39
Tours,47.3900474,0.6889268,2025-11-08,11.57,100,3.94,3.86
Tours,47.3900474,0.6889268,2025-11-08,11.56,100,2.39,0.0
Tours,47.3900474,0.6889268,2025-11-08,10.64,100,2.35,0.0
Tours,47.3900474,0.6889268,2025-11-08,11.7,100,3.1,0.0
Tours,47.3900474,0.6889268,2025-11-08,14.49,100,3.32,0.0
Tours,47.3900474,0.6889268,2025-11-08,14.82,87,3.53,0.0
Tours,47.3900474,0.6889268,2025-11-08,11.88,74,2.97,0.0
Tours,47.3900474,0.6889268,2025-11-08,12.5,79,2.85,0.0
Tours,47.3900474,0.6889268,2025-11-09,9.5,71,2.85,0.0
Tours,47.3900474,0.6889268,2025-11-09,8.57,4,2.02,0.0
Tours,47.3900474,0.6889268,2025-11-09,7.85,2,1.71,0.0
Tours,47.3900474,0.6889268,2025-11-09,10.13,4,1.37,0.0
Tours,47.3900474,0.6889268,2025-11-09,13.52,2,2.02,0.0
Tours,47.3900474,0.6889268,2025-11-09,14.04,12,1.99,0.0
Tours,47.3900474,0.6889268,2025-11-09,10.77,24,1.67,0.0
Tours,47.3900474,0.6889268,2025-11-09,9.52,81,2.45,0.0
Tours,47.3900474,0.6889268,2025-11-10,8.77,91,2.6,0.0
Tours,47.3900474,0.6889268,2025-11-10,7.99,89,2.83,0.0
Tours,47.3900474,0.6889268,2025-11-10,7.9,93,2.94,0.0
Tours,47.3900474,0.6889268,2025-11-10,9.61,99,3.26,0.0
Tours,47.3900474,0.6889268,2025-11-10,11.76,99,4.28,0.0
Tours,47.3900474,0.6889268,2025-11-10,11.74,100,3.5,0.86
Tours,47.3900474,0.6889268,2025-11-10,11.46,98,3.73,0.79
Tours,47.3900474,0.6889268,2025-11-10,9.61,73,2.64,0.0
Tours,47.3900474,0.6889268,2025-11-11,9.04,69,2.15,0.0
Tours,47.3900474,0.6889268,2025-11-11,8.66,93,2.37,0.0
Tours,47.3900474,0.6889268,2025-11-11,7.98,77,2.61,0.0
Tours,47.3900474,0.6889268,2025-11-11,10.08,90,2.98,0.0
Tours,47.3900474,0.6889268,2025-11-11,14.14,95,3.28,0.0
Tours,47.3900474,0.6889268,2025-11-11,14.78,100,3.84,0.0
Amiens,49.8941708,2.2956951,2025-11-06,15.0,100,2.16,0.0
Amiens,49.8941708,2.2956951,2025-11-06,13.38,100,2.7,0.0
Amiens,49.8941708,2.2956951,2025-11-07,11.63,97,2.43,0.0
Amiens,49.8941708,2.2956951,2025-11-07,10.13,24,2.57,0.0
Amiens,49.8941708,2.2956951,2025-11-07,10.52,26,3.66,0.0
Amiens,49.8941708,2.2956951,2025-11-07,12.07,13,5.0,0.0
Amiens,49.8941708,2.2956951,2025-11-07,16.15,15,5.62,0.0
Amiens,49.8941708,2.2956951,2025-11-07,15.71,62,5.43,0.0
Amiens,49.8941708,2.2956951,2025-11-07,13.36,83,3.86,0.0
Amiens,49.8941708,2.2956951,2025-11-07,11.91,94,3.12,0.0
Amiens,49.8941708,2.2956951,2025-11-08,12.51,96,3.16,0.0
Amiens,49.8941708,2.2956951,2025-11-08,11.84,100,2.94,0.0
Amiens,49.8941708,2.2956951,2025-11-08,11.01,100,2.0,0.0
Amiens,49.8941708,2.2956951,2025-11-08,13.02,100,1.82,0.0
Amiens,49.8941708,2.2956951,2025-11-08,14.65,100,3.19,0.0
Amiens,49.8941708,2.2956951,2025-11-08,14.42,94,3.79,0.0
Amiens,49.8941708,2.2956951,2025-11-08,10.47,91,2.78,0.0
Amiens,49.8941708,2.2956951,2025-11-08,9.45,51,2.63,0.0
Amiens,49.8941708,2.2956951,2025-11-09,8.97,40,2.75,0.0
Amiens,49.8941708,2.2956951,2025-11-09,7.91,41,2.38,0.0
Amiens,49.8941708,2.2956951,2025-11-09,7.33,41,2.12,0.0
Amiens,49.8941708,2.2956951,2025-11-09,10.27,14,1.46,0.0
Amiens,49.8941708,2.2956951,2025-11-09,14.01,9,2.13,0.0
Amiens,49.8941708,2.2956951,2025-11-09,14.04,14,1.33,0.0
Amiens,49.8941708,2.2956951,2025-11-09,9.62,13,1.54,0.0
Amiens,49.8941708,2.2956951,2025-11-09,8.63,19,1.97,0.0
Amiens,49.8941708,2.2956951,2025-11-10,7.48,24,2.59,0.0
Amiens,49.8941708,2.2956951,2025-11-10,6.88,77,2.75,0.0
Amiens,49.8941708,2.2956951,2025-11-10,6.54,65,3.39,0.0
Amiens,49.8941708,2.2956951,2025-11-10,9.67,78,4.9,0.0
Amiens,49.8941708,2.2956951,2025-11-10,10.37,88,4.63,0.47
Amiens,49.8941708,2.2956951,2025-11-10,10.2,100,4.91,1.45
Amiens,49.8941708,2.2956951,2025-11-10,9.83,100,4.91,1.43
Amiens,49.8941708,2.2956951,2025-11-10,8.91,76,3.37,0.0
Amiens,49.8941708,2.2956951,2025-11-11,9.72,87,2.31,0.0
Amiens,49.8941708,2.2956951,2025-11-11,7.76,64,2.41,0.0
Amiens,49.8941708,2.2956951,2025-11-11,7.68,82,2.51,0.0
Amiens,49.8941708,2.2956951,2025-11-11,10.18,75,3.19,0.0
Amiens,49.8941708,2.2956951,2025-11-11,13.94,68,3.87,0.0
Amiens,49.8941708,2.2956951,2025-11-11,13.26,100,2.61,0.0
Metz,49.1196964,6.1763552,2025-11-06,14.25,33,1.45,0.0
Metz,49.1196964,6.1763552,2025-11-06,10.74,67,1.29,0.0
Metz,49.1196964,6.1763552,2025-11-07,7.21,83,0.92,0.0
Metz,49.1196964,6.1763552,2025-11-07,6.07,84,0.91,0.0
Metz,49.1196964,6.1763552,2025-11-07,5.1,74,1.11,0.0
Metz,49.1196964,6.1763552,2025-11-07,9.83,30,1.39,0.0
Metz,49.1196964,6.1763552,2025-11-07,13.35,22,1.22,0.0
Metz,49.1196964,6.1763552,2025-11-07,12.47,64,0.92,0.0
Metz,49.1196964,6.1763552,2025-11-07,9.42,68,0.62,0.0
Metz,49.1196964,6.1763552,2025-11-07,8.85,96,0.56,0.0
Metz,49.1196964,6.1763552,2025-11-08,8.12,98,0.72,0.0
Metz,49.1196964,6.1763552,2025-11-08,7.44,18,0.15,0.0
Metz,49.1196964,6.1763552,2025-11-08,6.86,10,0.38,0.0
Metz,49.1196964,6.1763552,2025-11-08,9.97,6,0.45,0.0
Metz,49.1196964,6.1763552,2025-11-08,13.27,6,1.82,0.0
Metz,49.1196964,6.1763552,2025-11-08,12.52,68,1.04,0.0
Metz,49.1196964,6.1763552,2025-11-08,10.2,53,0.9,0.0
Metz,49.1196964,6.1763552,2025-11-08,10.64,97,1.37,0.0
Metz,49.1196964,6.1763552,2025-11-09,10.27,99,1.18,0.0
Metz,49.1196964,6.1763552,2025-11-09,10.0,100,1.0,0.0
Metz,49.1196964,6.1763552,2025-11-09,9.77,100,1.43,0.0
Metz,49.1196964,6.1763552,2025-11-09,10.54,100,0.64,0.1
Metz,49.1196964,6.1763552,2025-11-09,11.47,100,2.47,0.57
Metz,49.1196964,6.1763552,2025-11-09,10.73,100,2.3,0.13
Metz,49.1196964,6.1763552,2025-11-09,9.51,99,1.27,0.0
Metz,49.1196964,6.1763552,2025-11-09,9.13,97,1.53,0.0
Metz,49.1196964,6.1763552,2025-11-10,9.4,98,1.6,0.0
Metz,49.1196964,6.1763552,2025-11-10,9.46,100,1.07,0.0
Metz,49.1196964,6.1763552,2025-11-10,9.54,100,1.23,0.0
Metz,49.1196964,6.1763552,2025-11-10,9.92,89,1.49,0.0
Metz,49.1196964,6.1763552,2025-11-10,12.31,70,1.85,0.0
Metz,49.1196964,6.1763552,2025-11-10,11.45,100,1.39,0.0
Metz,49.1196964,6.1763552,2025-11-10,9.34,100,1.13,0.0
Metz,49.1196964,6.1763552,2025-11-10,8.32,96,1.51,0.0
Metz,49.1196964,6.1763552,2025-11-11,9.0,96,1.2,0.22
Metz,49.1196964,6.1763552,2025-11-11,8.99,100,1.63,0.0
Metz,49.1196964,6.1763552,2025-11-11,8.81,100,1.57,0.0
Metz,49.1196964,6.1763552,2025-11-11,9.77,100,0.79,0.0
Metz,49.1196964,6.1763552,2025-11-11,10.85,100,0.55,0.0
Metz,49.1196964,6.1763552,2025-11-11,10.76,93,0.88,0.0
Perpignan,42.6985304,2.8953121,2025-11-06,14.41,99,7.69,1.26
Perpignan,42.6985304,2.8953121,2025-11-06,14.2,100,2.47,1.12
Perpignan,42.6985304,2.8953121,2025-11-07,14.45,100,5.19,1.5
Perpignan,42.6985304,2.8953121,2025-11-07,13.76,100,3.87,0.0
Perpignan,42.6985304,2.8953121,2025-11-07,12.45,99,4.39,0.0
Perpignan,42.6985304,2.8953121,2025-11-07,14.46,97,3.8,0.0
Perpignan,42.6985304,2.8953121,2025-11-07,15.35,99,4.44,0.0
Perpignan,42.6985304,2.8953121,2025-11-07,17.46,64,1.56,0.0
Perpignan,42.6985304,2.8953121,2025-11-07,15.11,63,1.32,0.0
Perpignan,42.6985304,2.8953121,2025-11-07,13.12,33,2.01,0.0
Perpignan,42.6985304,2.8953121,2025-11-08,12.62,30,1.24,0.0
Perpignan,42.6985304,2.8953121,2025-11-08,12.79,99,1.13,0.0
Perpignan,42.6985304,2.8953121,2025-11-08,12.94,99,1.28,0.11
Perpignan,42.6985304,2.8953121,2025-11-08,14.16,100,5.21,0.0
Perpignan,42.6985304,2.8953121,2025-11-08,15.29,100,6.8,0.0
Perpignan,42.6985304,2.8953121,2025-11-08,14.79,98,8.92,0.0
Perpignan,42.6985304,2.8953121,2025-11-08,14.15,99,8.35,0.0
Perpignan,42.6985304,2.8953121,2025-11-08,14.13,89,8.12,0.0
Perpignan,42.6985304,2.8953121,2025-11-09,13.95,93,8.34,0.0
Perpignan,42.6985304,2.8953121,2025-11-09,13.28,74,8.32,0.0
Perpignan,42.6985304,2.8953121,2025-11-09,12.77,50,8.27,0.0
Perpignan,42.6985304,2.8953121,2025-11-09,14.63,27,7.84,0.0
Perpignan,42.6985304,2.8953121,2025-11-09,16.92,14,7.47,0.0
Perpignan,42.6985304,2.8953121,2025-11-09,16.33,1,5.71,0.0
Perpignan,42.6985304,2.8953121,2025-11-09,13.52,1,3.91,0.0
Perpignan,42.6985304,2.8953121,2025-11-09,11.74,4,2.92,0.0
Perpignan,42.6985304,2.8953121,2025-11-10,10.85,43,2.48,0.0
Perpignan,42.6985304,2.8953121,2025-11-10,10.41,89,2.23,0.0
Perpignan,42.6985304,2.8953121,2025-11-10,10.51,95,1.69,0.0
Perpignan,42.6985304,2.8953121,2025-11-10,13.56,95,1.02,0.0
Perpignan,42.6985304,2.8953121,2025-11-10,17.39,57,1.26,0.0
Perpignan,42.6985304,2.8953121,2025-11-10,17.33,18,1.94,0.0
Perpignan,42.6985304,2.8953121,2025-11-10,13.88,26,1.37,0.0
Perpignan,42.6985304,2.8953121,2025-11-10,13.04,100,1.91,0.0
Perpignan,42.6985304,2.8953121,2025-11-11,12.46,98,1.88,0.0
Perpignan,42.6985304,2.8953121,2025-11-11,11.82,22,1.49,0.0
Perpignan,42.6985304,2.8953121,2025-11-11,11.48,11,0.25,0.0
Perpignan,42.6985304,2.8953121,2025-11-11,14.25,0,0.68,0.0
Perpignan,42.6985304,2.8953121,2025-11-11,16.48,0,2.8,0.0
Perpignan,42.6985304,2.8953121,2025-11-11,16.61,4,2.81,0.0
Besançon,47.2380222,6.0243622,2025-11-06,12.66,100,1.46,0.0
Besançon,47.2380222,6.0243622,2025-11-06,8.71,100,1.62,0.0
Besançon,47.2380222,6.0243622,2025-11-07,4.74,82,0.82,0.0
Besançon,47.2380222,6.0243622,2025-11-07,3.47,21,1.22,0.0
Besançon,47.2380222,6.0243622,2025-11-07,5.24,18,1.15,0.0
Besançon,47.2380222,6.0243622,2025-11-07,10.48,44,0.99,0.0
Besançon,47.2380222,6.0243622,2025-11-07,13.6,72,1.0,0.0
Besançon,47.2380222,6.0243622,2025-11-07,12.53,98,0.55,0.0
Besançon,47.2380222,6.0243622,2025-11-07,8.63,99,1.03,0.0
Besançon,47.2380222,6.0243622,2025-11-07,8.35,99,1.13,0.0
Besançon,47.2380222,6.0243622,2025-11-08,7.91,100,0.91,0.0
Besançon,47.2380222,6.0243622,2025-11-08,8.43,86,0.73,0.0
Besançon,47.2380222,6.0243622,2025-11-08,9.13,93,0.97,0.0
Besançon,47.2380222,6.0243622,2025-11-08,9.96,97,0.96,0.0
Besançon,47.2380222,6.0243622,2025-11-08,10.37,98,0.56,0.0
Besançon,47.2380222,6.0243622,2025-11-08,10.11,100,0.41,0.0
Besançon,47.2380222,6.0243622,2025-11-08,9.42,100,0.11,0.0
Besançon,47.2380222,6.0243622,2025-11-08,9.28,100,0.32,0.0
Besançon,47.2380222,6.0243622,2025-11-09,9.13,100,0.27,0.0
Besançon,47.2380222,6.0243622,2025-11-09,8.79,100,0.61,0.16
Besançon,47.2380222,6.0243622,2025-11-09,7.85,99,0.21,0.18
Besançon,47.2380222,6.0243622,2025-11-09,10.59,91,1.04,0.0
Besançon,47.2380222,6.0243622,2025-11-09,11.64,92,1.4,0.0
Besançon,47.2380222,6.0243622,2025-11-09,11.24,100,0.92,0.21
Besançon,47.2380222,6.0243622,2025-11-09,10.28,100,0.74,0.0
Besançon,47.2380222,6.0243622,2025-11-09,9.79,100,0.55,0.2
Besançon,47.2380222,6.0243622,2025-11-10,8.18,94,0.49,0.0
Besançon,47.2380222,6.0243622,2025-11-10,8.02,71,0.44,0.0
Besançon,47.2380222,6.0243622,2025-11-10,8.35,85,0.36,0.0
Besançon,47.2380222,6.0243622,2025-11-10,10.25,69,0.62,0.0
Besançon,47.2380222,6.0243622,2025-11-10,12.86,45,1.02,0.0
Besançon,47.2380222,6.0243622,2025-11-10,11.69,70,0.8,0.0
Besançon,47.2380222,6.0243622,2025-11-10,9.01,83,0.49,0.0
Besançon,47.2380222,6.0243622,2025-11-10,7.35,99,1.19,0.0
Besançon,47.2380222,6.0243622,2025-11-11,6.93,96,0.91,0.0
Besançon,47.2380222,6.0243622,2025-11-11,8.14,92,0.62,0.0
Besançon,47.2380222,6.0243622,2025-11-11,7.64,77,0.93,0.0
Besançon,47.2380222,6.0243622,2025-11-11,10.18,69,0.67,0.0
Besançon,47.2380222,6.0243622,2025-11-11,13.16,56,1.62,0.0
Besançon,47.2380222,6.0243622,2025-11-11,11.78,31,1.79,0.0
Orléans,47.9027336,1.9086066,2025-11-06,14.1,95,1.51,0.0
Orléans,47.9027336,1.9086066,2025-11-06,12.91,99,0.92,0.0
Orléans,47.9027336,1.9086066,2025-11-07,9.32,72,1.86,0.0
Orléans,47.9027336,1.9086066,2025-11-07,9.06,34,2.02,0.0
Orléans,47.9027336,1.9086066,2025-11-07,8.98,47,2.8,0.0
Orléans,47.9027336,1.9086066,2025-11-07,12.16,39,4.2,0.0
Orléans,47.9027336,1.9086066,2025-11-07,13.29,67,3.6,0.0
Orléans,47.9027336,1.9086066,2025-11-07,13.72,100,3.06,0.0
Orléans,47.9027336,1.9086066,2025-11-07,11.61,96,1.94,0.0
Orléans,47.9027336,1.9086066,2025-11-07,10.65,45,2.48,0.0
Orléans,47.9027336,1.9086066,2025-11-08,10.15,51,2.55,0.0
Orléans,47.9027336,1.9086066,2025-11-08,10.66,100,2.29,0.54
Orléans,47.9027336,1.9086066,2025-11-08,10.8,100,1.97,0.51
Orléans,47.9027336,1.9086066,2025-11-08,12.08,100,1.98,0.0
Orléans,47.9027336,1.9086066,2025-11-08,13.17,100,3.0,0.27
Orléans,47.9027336,1.9086066,2025-11-08,14.03,100,2.57,0.0
Orléans,47.9027336,1.9086066,2025-11-08,11.44,97,2.25,0.0
Orléans,47.9027336,1.9086066,2025-11-08,11.99,100,2.41,0.0
Orléans,47.9027336,1.9086066,2025-11-09,11.51,100,3.08,0.0
Orléans,47.9027336,1.9086066,2025-11-09,8.75,71,2.01,0.0
Orléans,47.9027336,1.9086066,2025-11-09,8.07,57,1.89,0.0
Orléans,47.9027336,1.9086066,2025-11-09,10.34,16,1.48,0.0
Orléans,47.9027336,1.9086066,2025-11-09,13.44,20,2.3,0.0
Orléans,47.9027336,1.9086066,2025-11-09,13.68,26,1.65,0.0
Orléans,47.9027336,1.9086066,2025-11-09,10.14,18,1.43,0.0
Orléans,47.9027336,1.9086066,2025-11-09,8.81,19,1.63,0.0
Orléans,47.9027336,1.9086066,2025-11-10,8.08,45,2.11,0.0
Orléans,47.9027336,1.9086066,2025-11-10,7.39,100,2.26,0.0
Orléans,47.9027336,1.9086066,2025-11-10,6.97,89,2.35,0.0
Orléans,47.9027336,1.9086066,2025-11-10,9.16,98,3.13,0.0
Orléans,47.9027336,1.9086066,2025-11-10,12.28,90,3.21,0.0
Orléans,47.9027336,1.9086066,2025-11-10,11.76,100,3.21,0.0
Orléans,47.9027336,1.9086066,2025-11-10,10.14,100,2.62,1.5
Orléans,47.9027336,1.9086066,2025-11-10,10.41,97,2.33,0.3
Orléans,47.9027336,1.9086066,2025-11-11,9.65,98,1.94,0.0
Orléans,47.9027336,1.9086066,2025-11-11,9.41,98,1.67,0.0
Orléans,47.9027336,1.9086066,2025-11-11,8.56,97,1.96,0.0
Orléans,47.9027336,1.9086066,2025-11-11,11.06,58,2.16,0.0
Orléans,47.9027336,1.9086066,2025-11-11,14.2,79,2.02,0.0
Orléans,47.9027336,1.9086066,2025-11-11,14.61,100,2.15,0.0
Rouen,49.4404591,1.0939658,2025-11-06,15.31,100,2.84,0.0
Rouen,49.4404591,1.0939658,2025-11-06,13.21,93,2.45,0.0
Rouen,49.4404591,1.0939658,2025-11-07,11.8,94,2.31,0.0
Rouen,49.4404591,1.0939658,2025-11-07,10.74,95,3.03,0.18
Rouen,49.4404591,1.0939658,2025-11-07,10.67,62,2.46,0.0
Rouen,49.4404591,1.0939658,2025-11-07,12.59,58,3.75,0.0
Rouen,49.4404591,1.0939658,2025-11-07,15.78,44,6.2,0.0
Rouen,49.4404591,1.0939658,2025-11-07,13.79,98,4.48,0.0
Rouen,49.4404591,1.0939658,2025-11-07,12.99,96,3.54,0.0
Rouen,49.4404591,1.0939658,2025-11-07,12.56,96,3.59,0.41
Rouen,49.4404591,1.0939658,2025-11-08,12.88,98,3.2,0.24
Rouen,49.4404591,1.0939658,2025-11-08,12.63,100,1.94,0.0
Rouen,49.4404591,1.0939658,2025-11-08,12.19,100,3.15,0.73
Rouen,49.4404591,1.0939658,2025-11-08,12.8,100,2.89,0.0
Rouen,49.4404591,1.0939658,2025-11-08,15.9,87,3.94,0.0
Rouen,49.4404591,1.0939658,2025-11-08,14.93,95,3.81,0.15
Rouen,49.4404591,1.0939658,2025-11-08,10.55,70,2.31,0.0
Rouen,49.4404591,1.0939658,2025-11-08,9.39,22,2.1,0.0
Rouen,49.4404591,1.0939658,2025-11-09,9.01,17,2.21,0.0
Rouen,49.4404591,1.0939658,2025-11-09,8.48,14,1.55,0.0
Rouen,49.4404591,1.0939658,2025-11-09,8.21,16,1.3,0.0
Rouen,49.4404591,1.0939658,2025-11-09,10.9,39,1.55,0.0
Rouen,49.4404591,1.0939658,2025-11-09,13.77,35,2.53,0.0
Rouen,49.4404591,1.0939658,2025-11-09,13.98,15,1.56,0.0
Rouen,49.4404591,1.0939658,2025-11-09,9.88,43,1.64,0.0
Rouen,49.4404591,1.0939658,2025-11-09,8.57,35,2.38,0.0
Rouen,49.4404591,1.0939658,2025-11-10,8.06,51,2.71,0.0
Rouen,49.4404591,1.0939658,2025-11-10,7.65,56,2.69,0.0
Rouen,49.4404591,1.0939658,2025-11-10,8.68,77,3.69,0.0
Rouen,49.4404591,1.0939658,2025-11-10,9.27,100,3.49,1.5
Rouen,49.4404591,1.0939658,2025-11-10,9.84,100,3.26,2.52
Rouen,49.4404591,1.0939658,2025-11-10,10.54,100,3.26,2.7
Rouen,49.4404591,1.0939658,2025-11-10,9.07,92,2.95,0.0
Rouen,49.4404591,1.0939658,2025-11-10,10.37,96,1.86,0.0
Rouen,49.4404591,1.0939658,2025-11-11,8.7,82,2.13,0.0
Rouen,49.4404591,1.0939658,2025-11-11,8.34,98,2.17,0.0
Rouen,49.4404591,1.0939658,2025-11-11,7.81,73,2.42,0.0
Rouen,49.4404591,1.0939658,2025-11-11,9.79,49,2.47,0.0
Rouen,49.4404591,1.0939658,2025-11-11,13.25,75,3.67,0.0
Rouen,49.4404591,1.0939658,2025-11-11,13.24,100,3.37,0.0
Mulhouse,47.7467233,7.3389937,2025-11-06,11.26,100,0.78,0.0
Mulhouse,47.7467233,7.3389937,2025-11-06,8.08,100,0.62,0.0
Mulhouse,47.7467233,7.3389937,2025-11-07,5.21,100,0.45,0.0
Mulhouse,47.7467233,7.3389937,2025-11-07,4.14,99,0.8,0.0
Mulhouse,47.7467233,7.3389937,2025-11-07,3.83,67,1.2,0.0
Mulhouse,47.7467233,7.3389937,2025-11-07,8.99,5,1.91,0.0
Mulhouse,47.7467233,7.3389937,2025-11-07,12.62,36,2.32,0.0
Mulhouse,47.7467233,7.3389937,2025-11-07,11.73,100,1.4,0.0
Mulhouse,47.7467233,7.3389937,2025-11-07,8.55,100,1.1,0.0
Mulhouse,47.7467233,7.3389937,2025-11-07,7.22,76,1.25,0.0
Mulhouse,47.7467233,7.3389937,2025-11-08,6.36,40,1.27,0.0
Mulhouse,47.7467233,7.3389937,2025-11-08,5.86,8,1.29,0.0
Mulhouse,47.7467233,7.3389937,2025-11-08,5.55,19,1.12,0.0
Mulhouse,47.7467233,7.3389937,2025-11-08,8.99,38,0.64,0.0
Mulhouse,47.7467233,7.3389937,2025-11-08,12.29,42,0.59,0.0
Mulhouse,47.7467233,7.3389937,2025-11-08,12.06,78,0.51,0.0
Mulhouse,47.7467233,7.3389937,2025-11-08,10.39,89,0.59,0.0
Mulhouse,47.7467233,7.3389937,2025-11-08,9.87,100,1.19,0.14
Mulhouse,47.7467233,7.3389937,2025-11-09,9.51,99,1.06,0.0
Mulhouse,47.7467233,7.3389937,2025-11-09,8.79,100,1.24,0.0
Mulhouse,47.7467233,7.3389937,2025-11-09,8.87,100,1.69,0.0
Mulhouse,47.7467233,7.3389937,2025-11-09,10.98,94,1.24,0.0
Mulhouse,47.7467233,7.3389937,2025-11-09,13.36,93,1.28,0.22
Mulhouse,47.7467233,7.3389937,2025-11-09,12.4,59,1.34,0.43
Mulhouse,47.7467233,7.3389937,2025-11-09,9.22,65,1.67,0.34
Mulhouse,47.7467233,7.3389937,2025-11-09,8.16,70,1.04,0.11
Mulhouse,47.7467233,7.3389937,2025-11-10,8.71,84,1.49,0.0
Mulhouse,47.7467233,7.3389937,2025-11-10,8.38,99,0.9,0.0
Mulhouse,47.7467233,7.3389937,2025-11-10,6.92,81,1.3,0.0
Mulhouse,47.7467233,7.3389937,2025-11-10,10.26,29,1.43,0.0
Mulhouse,47.7467233,7.3389937,2025-11-10,12.43,34,1.13,0.0
Mulhouse,47.7467233,7.3389937,2025-11-10,11.91,39,0.71,0.0
Mulhouse,47.7467233,7.3389937,2025-11-10,9.09,56,0.79,0.0
Mulhouse,47.7467233,7.3389937,2025-11-10,7.55,70,1.14,0.0
Mulhouse,47.7467233,7.3389937,2025-11-11,7.15,83,1.71,0.0
Mulhouse,47.7467233,7.3389937,2025-11-11,6.58,90,1.62,0.0
Mulhouse,47.7467233,7.3389937,2025-11-11,6.01,76,1.42,0.0
Mulhouse,47.7467233,7.3389937,2025-11-11,9.13,88,1.26,0.0
Mulhouse,47.7467233,7.3389937,2025-11-11,11.56,90,1.07,0.0
Mulhouse,47.7467233,7.3389937,2025-11-11,11.19,54,1.35,0.0
Caen,49.1813403,-0.3635615,2025-11-06,15.58,75,3.24,0.0
Caen,49.1813403,-0.3635615,2025-11-06,12.75,90,2.55,0.0
Caen,49.1813403,-0.3635615,2025-11-07,10.06,99,3.14,0.1
Caen,49.1813403,-0.3635615,2025-11-07,10.38,88,2.61,0.0
Caen,49.1813403,-0.3635615,2025-11-07,10.29,76,3.33,0.0
Caen,49.1813403,-0.3635615,2025-11-07,12.56,6,5.66,0.0
Caen,49.1813403,-0.3635615,2025-11-07,14.58,44,5.63,0.0
Caen,49.1813403,-0.3635615,2025-11-07,14.73,89,5.69,0.0
Caen,49.1813403,-0.3635615,2025-11-07,13.51,94,6.42,0.23
Caen,49.1813403,-0.3635615,2025-11-07,13.31,100,3.64,2.51
Caen,49.1813403,-0.3635615,2025-11-08,11.33,100,2.88,0.0
Caen,49.1813403,-0.3635615,2025-11-08,10.18,100,2.59,0.0
Caen,49.1813403,-0.3635615,2025-11-08,9.37,100,2.61,0.0
Caen,49.1813403,-0.3635615,2025-11-08,11.46,88,3.07,0.0
Caen,49.1813403,-0.3635615,2025-11-08,14.32,92,4.69,0.0
Caen,49.1813403,-0.3635615,2025-11-08,13.72,44,3.8,0.0
Caen,49.1813403,-0.3635615,2025-11-08,10.24,28,3.0,0.0
Caen,49.1813403,-0.3635615,2025-11-08,9.07,43,3.18,0.0
Caen,49.1813403,-0.3635615,2025-11-09,7.51,25,2.51,0.0
Caen,49.1813403,-0.3635615,2025-11-09,7.16,0,2.4,0.0
Caen,49.1813403,-0.3635615,2025-11-09,6.81,4,2.45,0.0
Caen,49.1813403,-0.3635615,2025-11-09,9.78,71,2.27,0.0
Caen,49.1813403,-0.3635615,2025-11-09,14.15,48,3.48,0.0
Caen,49.1813403,-0.3635615,2025-11-09,14.06,57,3.04,0.0
Caen,49.1813403,-0.3635615,2025-11-09,8.89,71,3.22,0.0
Caen,49.1813403,-0.3635615,2025-11-09,8.0,94,3.6,0.0
Caen,49.1813403,-0.3635615,2025-11-10,9.76,97,4.83,0.0
Caen,49.1813403,-0.3635615,2025-11-10,10.52,100,5.1,0.12
Caen,49.1813403,-0.3635615,2025-11-10,10.58,100,5.09,1.71
Caen,49.1813403,-0.3635615,2025-11-10,11.06,100,5.27,0.3
Caen,49.1813403,-0.3635615,2025-11-10,11.41,100,4.31,4.39
Caen,49.1813403,-0.3635615,2025-11-10,12.23,100,3.62,0.13
Caen,49.1813403,-0.3635615,2025-11-10,11.42,87,2.63,0.0
Caen,49.1813403,-0.3635615,2025-11-10,9.31,50,2.6,0.0
Caen,49.1813403,-0.3635615,2025-11-11,8.98,74,3.24,0.0
Caen,49.1813403,-0.3635615,2025-11-11,7.77,89,3.07,0.0
Caen,49.1813403,-0.3635615,2025-11-11,7.32,90,3.25,0.0
Caen,49.1813403,-0.3635615,2025-11-11,9.88,100,3.79,0.0
Caen,49.1813403,-0.3635615,2025-11-11,13.51,100,4.45,0.0
Caen,49.1813403,-0.3635615,2025-11-11,12.92,100,4.29,0.0
Nancy,48.6937223,6.1834097,2025-11-06,15.19,33,1.35,0.0
Nancy,48.6937223,6.1834097,2025-11-06,11.02,66,1.31,0.0
Nancy,48.6937223,6.1834097,2025-11-07,6.15,97,0.53,0.0
Nancy,48.6937223,6.1834097,2025-11-07,5.57,95,0.84,0.0
Nancy,48.6937223,6.1834097,2025-11-07,3.98,56,1.08,0.0
Nancy,48.6937223,6.1834097,2025-11-07,10.55,11,1.21,0.0
Nancy,48.6937223,6.1834097,2025-11-07,14.36,13,0.95,0.0
Nancy,48.6937223,6.1834097,2025-11-07,13.5,87,0.54,0.0
Nancy,48.6937223,6.1834097,2025-11-07,10.29,85,0.88,0.0
Nancy,48.6937223,6.1834097,2025-11-07,9.41,99,0.79,0.0
Nancy,48.6937223,6.1834097,2025-11-08,8.69,97,0.81,0.0
Nancy,48.6937223,6.1834097,2025-11-08,7.98,9,0.6,0.0
Nancy,48.6937223,6.1834097,2025-11-08,7.35,7,0.69,0.0
Nancy,48.6937223,6.1834097,2025-11-08,10.51,6,0.35,0.0
Nancy,48.6937223,6.1834097,2025-11-08,13.66,9,1.81,0.0
Nancy,48.6937223,6.1834097,2025-11-08,13.09,65,1.21,0.0
Nancy,48.6937223,6.1834097,2025-11-08,9.91,44,0.48,0.0
Nancy,48.6937223,6.1834097,2025-11-08,10.71,79,0.88,0.0
Nancy,48.6937223,6.1834097,2025-11-09,10.43,90,1.11,0.0
Nancy,48.6937223,6.1834097,2025-11-09,10.06,100,0.96,0.0
Nancy,48.6937223,6.1834097,2025-11-09,9.91,100,1.18,0.0
Nancy,48.6937223,6.1834097,2025-11-09,10.43,100,1.31,0.44
Nancy,48.6937223,6.1834097,2025-11-09,11.42,100,2.98,0.6
Nancy,48.6937223,6.1834097,2025-11-09,9.73,100,2.16,0.44
Nancy,48.6937223,6.1834097,2025-11-09,9.9,100,0.68,0.81
Nancy,48.6937223,6.1834097,2025-11-09,8.88,82,1.03,0.0
Nancy,48.6937223,6.1834097,2025-11-10,8.79,86,1.24,0.0
Nancy,48.6937223,6.1834097,2025-11-10,8.93,99,1.05,0.0
Nancy,48.6937223,6.1834097,2025-11-10,8.1,94,1.02,0.0
Nancy,48.6937223,6.1834097,2025-11-10,9.98,84,0.97,0.0
Nancy,48.6937223,6.1834097,2025-11-10,12.53,66,1.39,0.0
Nancy,48.6937223,6.1834097,2025-11-10,11.84,92,0.46,0.0
Nancy,48.6937223,6.1834097,2025-11-10,9.21,92,0.96,0.0
Nancy,48.6937223,6.1834097,2025-11-10,8.64,100,1.08,0.0
Nancy,48.6937223,6.1834097,2025-11-11,9.15,100,1.1,0.0
Nancy,48.6937223,6.1834097,2025-11-11,9.04,100,1.31,0.0
Nancy,48.6937223,6.1834097,2025-11-11,9.2,100,1.34,0.0
Nancy,48.6937223,6.1834097,2025-11-11,10.35,99,1.2,0.0
Nancy,48.6937223,6.1834097,2025-11-11,11.51,100,0.53,0.0
Nancy,48.6937223,6.1834097,2025-11-11,11.67,83,0.73,0.0
Argenteuil,48.9479069,2.2481797,2025-11-06,14.36,83,1.27,0.0
Argenteuil,48.9479069,2.2481797,2025-11-06,12.34,84,1.5,0.0
Argenteuil,48.9479069,2.2481797,2025-11-07,10.57,61,1.54,0.0
Argenteuil,48.9479069,2.2481797,2025-11-07,9.09,32,1.74,0.0
Argenteuil,48.9479069,2.2481797,2025-11-07,8.89,23,2.99,0.0
Argenteuil,48.9479069,2.2481797,2025-11-07,12.12,32,3.25,0.0
Argenteuil,48.9479069,2.2481797,2025-11-07,15.16,52,4.27,0.0
Argenteuil,48.9479069,2.2481797,2025-11-07,14.09,79,3.53,0.0
Argenteuil,48.9479069,2.2481797,2025-11-07,13.86,89,2.55,0.0
Argenteuil,48.9479069,2.2481797,2025-11-07,13.21,100,2.05,0.0
Argenteuil,48.9479069,2.2481797,2025-11-08,12.57,100,2.28,0.0
Argenteuil,48.9479069,2.2481797,2025-11-08,12.19,100,1.95,0.0
Argenteuil,48.9479069,2.2481797,2025-11-08,11.92,100,1.39,0.0
Argenteuil,48.9479069,2.2481797,2025-11-08,12.42,100,0.88,0.0
Argenteuil,48.9479069,2.2481797,2025-11-08,12.98,100,2.82,0.48
Argenteuil,48.9479069,2.2481797,2025-11-08,13.76,100,2.11,0.63
Argenteuil,48.9479069,2.2481797,2025-11-08,12.52,98,2.29,0.34
Argenteuil,48.9479069,2.2481797,2025-11-08,10.82,38,2.05,0.0
Argenteuil,48.9479069,2.2481797,2025-11-09,9.86,36,2.02,0.0
Argenteuil,48.9479069,2.2481797,2025-11-09,9.2,45,1.55,0.0
Argenteuil,48.9479069,2.2481797,2025-11-09,8.65,45,1.59,0.0
Argenteuil,48.9479069,2.2481797,2025-11-09,10.12,19,1.34,0.0
Argenteuil,48.9479069,2.2481797,2025-11-09,13.14,12,1.34,0.0
Argenteuil,48.9479069,2.2481797,2025-11-09,13.89,8,0.87,0.0
Argenteuil,48.9479069,2.2481797,2025-11-09,11.91,8,1.04,0.0
Argenteuil,48.9479069,2.2481797,2025-11-09,10.63,25,1.47,0.0
Argenteuil,48.9479069,2.2481797,2025-11-10,9.6,16,1.53,0.0
Argenteuil,48.9479069,2.2481797,2025-11-10,8.92,95,1.77,0.0
Argenteuil,48.9479069,2.2481797,2025-11-10,8.58,93,2.02,0.0
Argenteuil,48.9479069,2.2481797,2025-11-10,9.7,100,3.17,0.0
Argenteuil,48.9479069,2.2481797,2025-11-10,11.12,99,3.31,0.0
Argenteuil,48.9479069,2.2481797,2025-11-10,10.55,100,2.71,0.71
Argenteuil,48.9479069,2.2481797,2025-11-10,10.73,100,2.89,0.31
Argenteuil,48.9479069,2.2481797,2025-11-10,10.25,94,2.25,0.0
Argenteuil,48.9479069,2.2481797,2025-11-11,10.59,97,1.89,0.0
Argenteuil,48.9479069,2.2481797,2025-11-11,10.47,90,1.75,0.0
Argenteuil,48.9479069,2.2481797,2025-11-11,9.56,92,1.42,0.0
Argenteuil,48.9479069,2.2481797,2025-11-11,10.78,45,1.96,0.0
Argenteuil,48.9479069,2.2481797,2025-11-11,13.37,56,2.61,0.0
Argenteuil,48.9479069,2.2481797,2025-11-11,13.85,100,2.0,0.0
